item,precio_oro,stats,categorias,detalle_completo
Chempunk Chainsword,2800,+400 Max Health | +45 Attack Damage | +15 Ability Haste,FIGHTER ITEMS,Chempunk Chainsword ~   ~ Chempunk Chainsword ~ Reduces enemy healing ~  +400 Max Health ~  +45 Attack Damage ~  +15 Ability Haste ~ Punishment: ~  Dealing  ~ physical damage ~  to enemy champions applies  ~ 50% Grievous Wounds ~  for 3 seconds. ~ Grievous Wounds ~  reduces the effectiveness of Healing and Regeneration effects. ~   ~ 2800 ~ Chempunk Chainsword 
Manamune,2900,+40 Attack Damage | +500 Max Mana | +15 Ability Haste,FIGHTER ITEMS; ASSASSIN ITEMS; MARKSMAN ITEMS,"Manamune ~   ~ Manamune ~ Converts Mana to Attack Damage ~  +40 Attack Damage ~  +500 Max Mana ~  +15 Ability Haste ~ Awe: ~  Grants  ~ Attack Damage ~  equal to  ~ 2% ~  of max Mana and refunds  ~ 15% ~  of all Mana spent. ~ Mana Charge: ~  Grants  ~ 14 ~  max Mana for each attack or Mana expenditure. Grants a maximum of  ~ 700 ~  max Mana, at which point this item transforms into Muramana. Occurs up to 3 times every 10 seconds. You may only carry one Tear of the Goddess item at a time. ~   ~ 2900 ~ Manamune "
Muramana,,+40 Attack Damage | +1200 Max Mana | +15 Ability Haste,FIGHTER ITEMS; ASSASSIN ITEMS; MARKSMAN ITEMS,"Muramana ~   ~ Muramana ~ Converts Mana to Attack Damage ~  +40 Attack Damage ~  +1200 Max Mana ~  +15 Ability Haste ~ Awe: ~  Grants  ~ Attack Damage ~  equal to  ~ 2% ~ of max Mana and refunds  ~ 15% ~ of all Mana spent. ~ Shock: ~  Attacks against champions deal  ~ 1.5% max Mana ~  as bonus  ~ physical damage ~ , and ability damage against champions deals  ~ 3.5% max Mana ~  (3% for ranged champions) as bonus  ~ physical damage ~ . This effect can only be triggered once per attack or ability cast against the same champion. ~ Muramana "
Eclipse,3000,+65 Attack Damage | +20 Ability Haste,FIGHTER ITEMS,"Eclipse ~   ~ Eclipse ~ Gain a shield and deal bonus damage ~  +65 Attack Damage ~  +20 Ability Haste ~ Ever Rising Moon: ~  Hitting an enemy champion with 2 separate attacks or abilities within 1.8s deals bonus  ~ physical damage ~  equal to  ~ 7% of the target's max Health ~ (3.5% for ranged champions), and grants you a  ~ shield ~  that absorbs damage equal to  ~ 140 + 35% bonus Attack Damage ~  ( ~ 70 + 18% bonus Attack Damage ~  for ranged champions) for 2s. (6s Cooldawn) ~   ~ 3000 ~ Eclipse "
Sundered Sky,3000,+350 Max Health | +40 Attack Damage | +15 Ability Haste,FIGHTER ITEMS,"Sundered Sky ~   ~ Sundered Sky ~ Periodically empowers attacks ~  +350 Max Health ~  +40 Attack Damage ~  +15 Ability Haste ~ Lightshield Strike: ~  The first attack against an enemy champion deals  ~ Critically Strikes ~  (6s cooldown per target), dealing 160% damage  and  ~ restores Health ~  (equal to  ~ 125% base Attack Damage ~  +  ~ 6% of missing Health ~  to you. ~   ~ 3000 ~ Sundered Sky "
Experimental Hexplate,3000,+400 Max Health | +35 Attack Damage | +20% Attack Speed,FIGHTER ITEMS,"Experimental Hexplate ~   ~ Experimental Hexplate ~ Gain Attack Speed & Movement Speed when your ultimate is cast ~  +400 Max Health ~  +35 Attack Damage ~  +20% Attack Speed ~ Hexcharged: ~   ~  Gain  ~ +20 Ability Haste ~  for your ultimate ability. ~ Overdrive: ~  After using your ultimate ability, gain  ~ 40% Attack Speed ~  and  ~ 20% Movement Speed ~   for 8s. (30s Cooldown) ~   ~ 3000 ~ Experimental Hexplate "
Maw of Malmortius,3000,+55 Attack Damage | +45 Magic Resistance | +10 Ability Haste,FIGHTER ITEMS; ASSASSIN ITEMS; MARKSMAN ITEMS,"Maw of Malmortius ~   ~ Maw of Malmortius ~ Converts damage from attacks into a magic shield ~  +55 Attack Damage ~  +45 Magic Resistance ~  +10 Ability Haste ~ Lifeline: ~  Upon taking Magic Damage that would reduce your  ~ Health ~  to below  ~ 35% ~ , gain  ~ +10% Omni Vamp. ~  until the end of combat and a  ~ magic shield ~  that absorbs  ~ 220-530 Magic Damage ~  for 3s. (70s Cooldown) ~   ~ 3000 ~ Maw of Malmortius "
Black Cleaver,3000,+400 Max Health | +40 Attack Damage | +20 Ability Haste,FIGHTER ITEMS,"Black Cleaver ~   ~ Black Cleaver ~ Physical Damage reduces Armor ~  +400 Max Health ~  +40 Attack Damage ~  +20 Ability Haste ~ Sunder: ~  Dealing  ~ physical damage ~  to a champion reduces their  ~ Armor ~  by 6% for 6 seconds, stacking 5 times for 30% reduction. ~ Rage: ~  Gain  ~ 20 Movement Speed ~  when you deal  ~ physical damage ~ . When moving toward enemy champions with 5 Sunder stacks, gain  ~ 40 Move Speed ~ . Ranged champions gain halved values. ~   ~ 3000 ~ Black Cleaver "
Titanic Hydra,3000,+450 Max Health | +40 Attack Damage,FIGHTER ITEMS; DEFENSE ITEMS,"Titanic Hydra ~   ~ Titanic Hydra ~ Attacks deal bonus damage in a area ~  +450 Max Health ~  +40 Attack Damage ~ Cleave: ~  Every 1.75 second(s), your next attack deals bonus  ~ physical damage ~  equal to  ~ 25 ~  +  ~ 3% bonus ~  (also applies to turrets) and creates a shockwave that deals  ~ physical damage ~  equal to  ~ 80 ~  +  ~ 10% bonus ~  to enemies behind the target. Ranged champions deal 75% of the damage. ~   ~ 3000 ~ Titanic Hydra "
Stridebreaker,3100,+400 Max Health | +40 Attack Damage | +25% Attack Speed,FIGHTER ITEMS,"Stridebreaker ~   ~ Stridebreaker ~ Slows enemies nearby after a short dash ~  +400 Max Health ~  +40 Attack Damage ~  +25% Attack Speed ~ Breaking Shockwave (Active): ~  Activate to dash a short distance, dealing  ~ 100% AD ~  as  ~ Physical Damage ~  to nearby enemies and  ~ slowing them by 40% ~  for 3s (25s cooldown) ~ Stride (Passive): ~  Gain  ~ 20 Movement Speed ~  for 2 second(s) when you deal  ~ physical damage ~ . ~   ~ 3100 ~ Stridebreaker "
Goredrinker,3100,+350 Max Health | +40 Attack Damage | +15 Ability Haste,FIGHTER ITEMS,Goredrinker ~   ~ Goredrinker ~ Deal damage in an area ~  +350 Max Health ~  +40 Attack Damage ~  +15 Ability Haste ~ Goredrink (Passive): Gain ~ 8% Omni Vamp. ~ Thirsting Slash (Active): ~  Deal  ~ 175% base AD ~  as  ~ physical damage ~  to nearby enemies. Restore Health equal to  ~ 20% ~  plus  ~ 10% missing ~  for each enemy champion hit. (12s cooldown) ~   ~ 3100 ~ Goredrinker 
Mercurial Scimitar,3100,+45 Attack Damage | +12% Lifesteal | +40 Magic Resistance,FIGHTER ITEMS; ASSASSIN ITEMS; MARKSMAN ITEMS,"Mercurial Scimitar ~   ~ Mercurial Scimitar ~ Dispels crowd control ~  +45 Attack Damage ~  +12% Lifesteal ~  +40 Magic Resistance ~ Quicksilver Sash (Active): ~  Removes all  ~ crowd control ~  debuffs from you and grants immunity to  ~ crowd control ~  for 0.25s. ~ Perseverance (Passive): ~  When the  ~ Quicksilver ~  effects ends, grant  ~ 30% Tenacity ~  and  ~ 30% Slow Resist ~  for 1.5 seconds. (60s Cooldown) ~ Cannot be used during knock up or knock back effects. ~   ~ 3100 ~ Mercurial Scimitar "
Blade of the Ruined King,3100,+40 Attack Damage | +35% Attack Speed | +12% Lifesteal,FIGHTER ITEMS; MARKSMAN ITEMS,Blade of the Ruined King ~   ~ Blade of the Ruined King ~ Attacks deal bonus damage ~  +40 Attack Damage ~  +35% Attack Speed ~  +12% Lifesteal ~ Ruined Strikes: ~  Attacks deal  ~ bonus physical damage ~  equal to  ~ 6% ~  of the enemy's current  ~ Health ~   ~ on-hit ~ . (Melee attacks deal  ~ 8% ~ ). Minimum damage: 15. Max damage vs monsters: 100. ~ Drain: ~  Hitting a champion with 3 attacks or abilities slows them by 30% for 1.5s. (30s Cooldown) ~   ~ 3100 ~ Blade of the Ruined King 
Serylda's Grudge,3100,+50 Attack Damage | +35% Armor Penetration | +15 Ability Haste,FIGHTER ITEMS; ASSASSIN ITEMS,Serylda's Grudge ~   ~ Serylda's Grudge ~ Armor Penetration (%) and apply slows ~  +50 Attack Damage ~  +35% Armor Penetration ~  +15 Ability Haste ~ Icy: ~  Damaging active abilities and  ~ empowered ~  attacks  ~ slow ~  enemies below  ~ 60% ~  current Health by  ~ 30% Movement Speed ~  for 1 second. ~   ~ 3100 ~ Serylda's Grudge 
Spear of Shojin,3100,+450 Max Health | +40 Attack Damage,FIGHTER ITEMS,Spear of Shojin ~   ~ Spear of Shojin ~ Gain damage bonuses ~  +450 Max Health ~  +40 Attack Damage ~ Dragonforce: ~   ~   ~ +20% Ability Haste. ~ Focused Will: ~  Dealing damage to monsters or enemies with abilities increases your champion's ability and passive damage by 3% for 6s. (Stacks 4 times). ~   ~ 3100 ~ Spear of Shojin 
Hullbreaker,3100,+400 Max Health | +50 Attack Damage,FIGHTER ITEMS,"Hullbreaker ~   ~ Hullbreaker ~ Split-pushing power ~  +400 Max Health ~  +50 Attack Damage ~ Set Sail: ~  Gain  ~ 5% Movement Speed ~ . ~ Skipper: ~  Every 4th attack against champions and epic monsters deals  ~ bonus physical damage ~  equal to  ~ 160% base  ~  plus  ~ 5% ~ (ranged champions deal  ~ 40% of the damage ~ ), increased to  ~ 240% base  ~  plus  ~ 9% ~ against structures (ranged champions deal  ~ 40% of the damage ~ ). ~ Boarding Party: ~  Nearby allied siege and super minions gain  ~ 20-130 Armor ~  (25% bonus if you're a ranged champion) and  ~ 10-120 Magic Resistance ~ ( ~ ) (25% bonus if you're a ranged champion). ~   ~ 3100 ~ Hullbreaker "
Overlord's Bloodmail,3200,+450 Max Health | +30 Attack Damage,FIGHTER ITEMS; DEFENSE ITEMS,Overlord's Bloodmail ~   ~ Overlord's Bloodmail ~ Gain Attack Damage when losing Health ~  +450 Max Health ~  +30 Attack Damage ~ Tyranny: ~  Gain  ~ Attack Damage ~  equal to  ~ 2.5% of your bonus Health ~ . ~ Retribution: ~  Gain up to 9% increased  ~ Attack Damage ~  based on your missing Health. Maximum Retribution bonus while below 30% Health. ~   ~ 3200 ~ Overlord's Bloodmail 
Guardian Angel,3200,+45 Attack Damage | +40 Armor,FIGHTER ITEMS; ASSASSIN ITEMS; MARKSMAN ITEMS; DEFENSE ITEMS,"Guardian Angel ~   ~ Guardian Angel ~ Revives at death ~  +45 Attack Damage ~  +40 Armor ~ Resurrect: ~  Upon taking lethal damage, restores  ~ 50% Health ~  and  ~ 100% Mana ~  after 4 seconds of stasis. (180s Cooldown) ~   ~ 3200 ~ Guardian Angel "
Bloodthirster,3200,+75 Attack Damage | +15% Lifesteal,FIGHTER ITEMS; MARKSMAN ITEMS,Bloodthirster ~   ~ Bloodthirster ~ Gain Lifesteal and convert excess healing into a shield ~  +75 Attack Damage ~  +15% Lifesteal ~ Ichorshield: ~  Convert excess healing from your  ~ Lifesteal ~  to a  ~ shield ~  that absorbs up to  ~ 165–345 ~  damage. ~   ~ 3200 ~ Bloodthirster 
Sterak's Gage,3200,+400 Max Health | +20% Tenacity,FIGHTER ITEMS; DEFENSE ITEMS,Sterak's Gage ~   ~ Sterak's Gage ~ Taking damage triggers a shield ~  +400 Max Health ~  +20% Tenacity ~ Heavy Handed: ~   ~ +50% base Attack Damage ~  as  ~ bonus Attack Damage ~ . ~ Lifeline: ~  Damage that puts you under  ~ 35% ~  Health ~  grants a  ~ shield ~  that equal to  ~ 75% of your bonus health ~  that decays over 5 seconds (70s Cooldown). ~ Sterak's Fury: ~  Triggering Lifeline increases size and grants  ~ 30% Tenacity ~  for 8 seconds. ~   ~ 3200 ~ Sterak's Gage 
Death's Dance,3200,+50 Attack Damage | +45 Armor | +15 Ability Haste,FIGHTER ITEMS; DEFENSE ITEMS,"Death's Dance ~   ~ Death's Dance ~ Delays damage taken ~  +50 Attack Damage ~  +45 Armor ~  +15 Ability Haste ~ Cauterize: ~  30% of all  ~ physical damage ~  and  ~ magic damage ~  received (12% for ranged champions) is dealt to you over 3 seconds as true damage instead. ~ Defy: ~  When a champion that you damaged within 3 second(s) dies, cleanse Cauterize's remaining damage pool and restore  ~ Health ~  equal to  ~ 90% bonus AD ~  over 2 second(s). ~   ~ 3200 ~ Death's Dance "
Trinity Force,3333,+333 Max Health | +36 Attack Damage | +30% Attack Speed | +15 Ability Haste,FIGHTER ITEMS; MARKSMAN ITEMS,"Trinity Force ~   ~ Trinity Force ~ Well-Rounded ~  +333 Max Health ~  +36 Attack Damage ~  +30% Attack Speed ~  +15 Ability Haste ~ Valor: ~  On hit, attacks grant  ~ 20 Move Speed ~  for 2 seconds. Bonuses do not stack.  ~ Bonus Movement Speed ~  does not stack. Ranged champions gain halved values.  ~ Spellblade: ~  Using an ability causes the next attack used within 10 seconds to deal  ~ bonus physical damage ~  equal to  ~ 200% base AD ~ (1.5s Cooldown). Damage is reduced vs structures. ~   ~ 3333 ~ Trinity Force "
Divine Sunderer,3400,+425 Max Health | +25 Attack Damage | +25 Ability Haste,FIGHTER ITEMS,"Divine Sunderer ~   ~ Divine Sunderer ~ Anti-Health attacks ~  +425 Max Health ~  +25 Attack Damage ~  +25 Ability Haste ~ Spellblade: ~  After using an ability, your next attack within 10 seconds deals  ~ (10% melee / 7% ranged) ~  of target's maximum health as bonus  ~ physical damage ~ . If the target is a champion, heal for  ~ (6% melee / 2.5% ranged) ~  of the target's maximum  ~ health ~ . (1.5s Cooldown) Damage is reduced vs structure. ~   ~ 3400 ~ Divine Sunderer "
Serpent's Fang,2800,+50 Attack Damage | +10 Ability Haste,ASSASSIN ITEMS,"Serpent's Fang ~   ~ Serpent's Fang ~ Anti-Shielding ~  +50 Attack Damage ~  +10 Ability Haste ~ Stab: ~   ~  +15 Armor Penetration. ~ Shield Reaver: ~  Dealing damage to an enemy champion reduces any  ~ shields ~  they gain for 3s. Melee champions apply ( ~ 10% of bonus AD ~  + 40)% shield reduction, capped at 60%; while ranged champions apply ( ~ 10% of bonus AD ~  + 25)% shield reduction, capped at 45%. When you damage an enemy who is unaffected by Shield Reaver, all shields on them are reduced by the same values. ~   ~ 2800 ~ Serpent's Fang "
Youmuu's Ghostblade,3000,+55 Attack Damage | +15 Armor Penetration | +15 Ability Haste | +4% Move Speed,ASSASSIN ITEMS,"Youmuu's Ghostblade ~   ~ Youmuu's Ghostblade ~ Increases Movement Speed ~  +55 Attack Damage ~  +15 Armor Penetration ~  +15 Ability Haste ~  +4% Move Speed ~ Momentum: ~  3 second(s) after leaving champion combat, gain  ~ 30 Move Speed ~  (20 for ranged champions). ~   ~ 3000 ~ Youmuu's Ghostblade "
Duskblade of Draktharr,3000,+55 Attack Damage | +10 Ability Haste,ASSASSIN ITEMS,Duskblade of Draktharr ~   ~ Duskblade of Draktharr ~ Attacks deal bonus damage ~  +55 Attack Damage ~  +10 Ability Haste ~ Razor: ~   ~  +18 Armor Penetration. ~ Nightstalker: ~  The first attack against a champion deals  ~ 60-160 bonus physical damage ~  and  ~ slows ~  them by 99% for 0.35s (10s cooldown). Champion takedowns refresh cooldown. ~   ~ 3000 ~ Duskblade of Draktharr 
Edge of Night,3000,+250 Max Health | +50 Attack Damage,ASSASSIN ITEMS,Edge of Night ~   ~ Edge of Night ~ Blocks an enemy ability ~  +250 Max Health ~  +50 Attack Damage ~ Gouge: ~   ~  +12 Armor Penetration. ~ Annul: ~  Grants a spell shield that blocks the next hostile ability. This spell shield refreshes upon leaving combat with enemy champions. (35 second cooldown) ~   ~ 3000 ~ Edge of Night 
The Collector,3000,+50 Attack Damage | +10 Armor Penetration | +25% Critical Rate,ASSASSIN ITEMS; MARKSMAN ITEMS,"The Collector ~   ~ The Collector ~ Execute low health champions ~  +50 Attack Damage ~  +10 Armor Penetration ~  +25% Critical Rate ~ Death and Taxes: ~  Dealing damage that would leave an enemy champion below 5% of their  ~ max Health ~  executes them, permanently increases the  ~ max Health ~  percentage execution threshold by 0.1%, and grants  ~ 25 bonus gold ~ . ~ Limited to 1 The Collector. ~   ~ 3000 ~ The Collector "
Fiendhunter Bolts,2650,+25% Critical Rate | +45% Attack Speed | +4% Move Speed,MARKSMAN ITEMS,"Fiendhunter Bolts ~   ~ Fiendhunter Bolts ~ After using your ultimate ability, your next few attacks Critically Strike ~  +25% Critical Rate ~  +45% Attack Speed ~  +4% Move Speed ~ Night Vigil: ~  Gain  ~ 20 ~  Ultimate  ~ Ability haste ~ . ~ Opening Barrage: ~  After casting your ultimate ability, your next 3 attacks within 8s gain  ~ 50% Attack Speed ~  and  ~ Critically Strike ~  for 80% of your normal  ~ Critical Damage ~ . If an attack would already Critically Strike, it deals  ~ 15% ~  bonus  ~ true damage ~  instead. (45s Cooldown) ~   ~ 2650 ~ Fiendhunter Bolts "
Rapid Firecannon,2650,+25% Critical Rate | +40% Attack Speed | +4% Move Speed,MARKSMAN ITEMS,Rapid Firecannon ~   ~ Rapid Firecannon ~ Increases attack range and damage ~  +25% Critical Rate ~  +40% Attack Speed ~  +4% Move Speed ~ Sharpshooter: ~  Moving and attacking generates an  ~ Energized Attack ~  with 35% bonus Attack Range (max 150 range) that deals  ~ 80 bonus magic damage ~ . ~   ~ 2650 ~ Rapid Firecannon 
Runaan's Hurricane,2650,+40% Attack Speed | +25% Critical Rate | +4% Move Speed,MARKSMAN ITEMS,"Runaan's Hurricane ~   ~ Runaan's Hurricane ~ Ranged Attacks hit 3 targets ~  +40% Attack Speed ~  +25% Critical Rate ~  +4% Move Speed ~ Wind's Fury: ~  Attacks strike 2 additional nearby enemies, each dealing  ~ 55% AD ~ . These strikes can  ~ Critically Strike ~  and trigger  ~ on-hit ~  effects. ~ This item cannot only be used by melee champions. ~   ~ 2650 ~ Runaan's Hurricane "
Phantom Dancer,2650,+25% Critical Rate | +40% Attack Speed | +7% Movement Speed,MARKSMAN ITEMS,"Phantom Dancer ~   ~ Phantom Dancer ~ Movement speed and attack speed ~  +25% Critical Rate ~  +40% Attack Speed ~  +7% Movement Speed ~ Spectral Waltz: ~   ~ On hit ~ , your attacks against a champion grant  ~ 6% Attack Speed ~  and  ~ 1% Movement Speed ~  for 6 second(s). Bonuses stack up to 5 times. ~   ~ 2650 ~ Phantom Dancer "
Navori Quickblades,2650,+25% Critical Rate | +40% Attack Speed | +4% Move Speed,MARKSMAN ITEMS,Navori Quickblades ~   ~ Navori Quickblades ~ Attacks reduce basic ability cooldowns ~  +25% Critical Rate ~  +40% Attack Speed ~  +4% Move Speed ~ Deft Strikes: ~  Attacks reduce the remaining  ~ cooldowns ~  of your basic abilities by  ~ 15% ~ . ~   ~ 2650 ~ Navori Quickblades 
Wit's End,2800,+50% Attack Speed | +45 Magic Resistance | +20% Tenacity,MARKSMAN ITEMS,Wit's End ~   ~ Wit's End ~ Basic Attack deals Bonus Damage ~  +50% Attack Speed ~  +45 Magic Resistance ~  +20% Tenacity ~ At Wit's End: ~  Attacks deal  ~ 40 bonus magic damage ~  on hit.  ~   ~ 2800 ~ Wit's End 
Hexoptics C44,2900,+55 Attack Damage | +25% Critical Rate,MARKSMAN ITEMS,"Hexoptics C44 ~   ~ Hexoptics C44 ~ Increases attack range and damage ~  +55 Attack Damage ~  +25% Critical Rate ~ Magnification: ~  Deal 0–10% increased damage with attacks, based on how far away the enemy is (max damage at 550 range). ~ Arcane Aim: ~  When a champion you damaged within 3 seconds dies, gain  ~ 100 ~  additional  ~ Attack Range ~  for 8 seconds. ~   ~ 2900 ~ Hexoptics C44 "
Kraken Slayer,2900,+45 Attack Damage | +35% Attack Speed | +4% Move Speed,MARKSMAN ITEMS,"Kraken Slayer ~   ~ Kraken Slayer ~ Deal bonus physical damage ~  +45 Attack Damage ~  +35% Attack Speed ~  +4% Move Speed ~ Bring it Down: ~  Every third attack deals  ~ 150–210 ~  bonus  ~ physical damage ~  ( ~ 120–168 ~  for ranged champions), increased by 0.75% per 1% Health the target is missing, up to an increase of 75%. ~   ~ 2900 ~ Kraken Slayer "
Nashor's Tooth,2900,+50% Attack Speed | +80 Ability Power | +15 Ability Haste,MARKSMAN ITEMS; MAGIC ITEMS,Nashor's Tooth ~   ~ Nashor's Tooth ~ Attacks deal bonus damage ~  +50% Attack Speed ~  +80 Ability Power ~  +15 Ability Haste ~ Gnaw: ~  Attacks deal (15 +  ~ 20% bonus ~ )  ~ magic damage ~  as  ~ on-hit ~ . ~   ~ 2900 ~ Nashor's Tooth 
Statikk Shiv,3000,+40 Attack Damage | +30% Attack Speed | +40 Ability Power | +4% Move Speed,MARKSMAN ITEMS; MAGIC ITEMS,"Statikk Shiv ~   ~ Statikk Shiv ~ Energized Attacks deal chain damage ~  +40 Attack Damage ~  +30% Attack Speed ~  +40 Ability Power ~  +4% Move Speed ~ Electroshock: ~  Attacks grant 5 extra  ~ Energized stacks ~ . ~ Electrospark: ~  Moving and attacking generate an  ~ Energized Attack ~  that fires chain lightning to 4–7 targets ( ~ ), dealing  ~ 60 magic damage ~  (increased to  ~ 90 magic damage ~  against minions and monsters) and applying  ~ on-hit effects ~  to secondary bounce targets. ~   ~ 3000 ~ Statikk Shiv "
Guinsoo's Rageblade,3000,+35 Attack Damage | +30% Attack Speed | +30 Ability Power,MARKSMAN ITEMS; MAGIC ITEMS,"Guinsoo's Rageblade ~   ~ Guinsoo's Rageblade ~ Applies on-hit effects ~  +35 Attack Damage ~  +30% Attack Speed ~  +30 Ability Power ~ Wrath: ~  Attacks deal  ~ 30 bonus magic damage ~   ~ on hit ~ . ~ Seething Strike: ~  Attacks grant  ~ 8% Attack Speed ~ , stacking up to 4 times for a maximum of  ~ 32% Attack Speed ~ . While fully stacked, every 3 attack(s) applies  ~ on-hit ~  effects an additional 1 time(s). ~   ~ 3000 ~ Guinsoo's Rageblade "
Mortal Reminder,3000,+35 Attack Damage | +30% Armor Penetration | +25% Critical Rate,MARKSMAN ITEMS,Mortal Reminder ~   ~ Mortal Reminder ~ Armor Penetration (%) and reduced enemy healing ~  +35 Attack Damage ~  +30% Armor Penetration ~  +25% Critical Rate ~ Sepsis: ~  Dealing  ~ physical damage ~  to enemy champions applies  ~ 50% Grievous Wounds ~  for 3 seconds. ~ Grievous Wounds ~  reduces the effectiveness of Healing and Regeneration effects. ~   ~ 3000 ~ Mortal Reminder 
Essence Reaver,3000,+50 Attack Damage | +25% Critical Rate | +20 Ability Haste,MARKSMAN ITEMS,"Essence Reaver ~   ~ Essence Reaver ~ Attacks casting an ability, your next attack deals bonus damage ~  +50 Attack Damage ~  +25% Critical Rate ~  +20 Ability Haste ~ Spellblade: ~  Using an ability causes your next attack within 10s to deal bonus  ~ physical damage ~  equal to  ~ 135% base AD ~  plus  ~ 0–80 ~  (increased by 0.8 per  ~ 1% Critical Rate ~ ) and restore  ~ 50% ~  of this damage as  ~ Mana ~ . (1.5s Cooldown) ~   ~ 3000 ~ Essence Reaver "
Immortal Shieldbow,3000,+55 Attack Damage | +25% Critical Rate,MARKSMAN ITEMS,Immortal Shieldbow ~   ~ Immortal Shieldbow ~ Gain a shield when Health is low ~  +55 Attack Damage ~  +25% Critical Rate ~ Lifeline: ~  Damage that puts you under  ~ 35% Health ~  grants a  ~ shield ~  for 3s. The  ~ shield ~  absorbs  ~ 350–650 ~  damage for melee champions and  ~ 300–550 ~  damage for ranged champions. (70s cooldown) ~   ~ 3000 ~ Immortal Shieldbow 
Terminus,3000,+35 Attack Damage | +35% Attack Speed,MARKSMAN ITEMS,"Terminus ~   ~ Terminus ~ Increases Armor Pen, Megic Pen, Armor, and Magic Resist ~  +35 Attack Damage ~  +35% Attack Speed ~ Shadow: ~  Attacks deal  ~ 30 bonus magic damage ~   ~ on-hit ~ . ~ Juxtaposition: ~  Alternate between Light and Dark on-hits when attacking. Light attacks grant 5-8  ~ Armor ~  and  ~ Magic Resist ~ ( ~ ) for 5 seconds on hit. Dark attacks grant  ~ 10% Armor Pen ~  and  ~ 10% Magic Pen ~  for 5 seconds  ~ on hit ~ . Each on-hit effect stacks up to 3 times. While you have this item, bonus  ~ Armor Pen ~  and  ~ Magic Pen ~  granted by it is capped at 40%. ~ You cannot own this item concurrently with Void Staff. ~   ~ 3000 ~ Terminus "
Stormrazor,3000,+50 Attack Damage | +25% Critical Rate | +20% Attack Speed,MARKSMAN ITEMS,Stormrazor ~   ~ Stormrazor ~ Energized Attacks deal extra damage and grant Movement Speed ~  +50 Attack Damage ~  +25% Critical Rate ~  +20% Attack Speed ~ Bolt: ~  Moving and attacking generates an  ~ Energized Attack ~  that deals  ~ 120 ~  bonus  ~ magic damage ~  and grants 45% Movement Speed for 1.5 second(s)  ~ on hit ~ . ~   ~ 3000 ~ Stormrazor 
Yun Tal Wildarrows,3100,+50 Attack Damage | +25% Attack Speed,MARKSMAN ITEMS,"Yun Tal Wildarrows ~   ~ Yun Tal Wildarrows ~ Attacks gain Critical Rate ~  +50 Attack Damage ~  +25% Attack Speed ~ Practice Makes Perfect: ~  On attack, gain  ~ Critical Rate ~  permanently ( ~ 0.4% ~  for melee champions and  ~ 0.2% ~  for ranged champions per attack), up to  ~ 25% ~ . ~ Flurry: ~  On attacking an enemy champion, gain  ~ 25% Attack Speed ~  for 6s. (20s Cooldown) Attacks reduce this cooldown by 1s, increased to 2s for  ~ Critical Strikes ~ . ~   ~ 3100 ~ Yun Tal Wildarrows "
Galeforce,3100,+60 Attack Damage | +25% Critical Rate | +4% Move Speed,MARKSMAN ITEMS,"Galeforce ~   ~ Galeforce ~ Grants a dash and damage bonus ~  +60 Attack Damage ~  +25% Critical Rate ~  +4% Move Speed ~ Cloudburst (Active): ~  Dash in a target direction and fire 3 missile(s) at the lowest Health enemy near your destination, prioritizing champions. Deal  ~ physical damage ~  equal to  ~ 40-125 ~  ( ~ ) plus  ~ 35% bonus ~ . (60s Cooldown) ~   ~ 3100 ~ Galeforce "
Dominik's Regards,3300,+35 Attack Damage | +35% Armor Penetration | +25% Critical Rate,MARKSMAN ITEMS,"Dominik's Regards ~   ~ Dominik's Regards ~ Armor Pen and bonus damage ~  +35 Attack Damage ~  +35% Armor Penetration ~  +25% Critical Rate ~ Giant Slayer: ~  Deal bonus damage based on the enemy champion's  ~ bonus Health ~ , up to 12% bonus damage when the enemy champion has  ~ 1.200 bonus Health ~ . ~   ~ 3300 ~ Dominik's Regards "
Infinity Edge,3400,+75 Attack Damage | +25% Critical Rate,MARKSMAN ITEMS,Infinity Edge ~   ~ Infinity Edge ~ Increases Critical Strike Damage ~  +75 Attack Damage ~  +25% Critical Rate ~ Infinity: ~  Critical Strikes deal  ~ 230% damage ~  instead of  ~ 200% ~ . ~   ~ 3400 ~ Infinity Edge 
Whispering Circlet,2400,+200 Max Health | +500 Max Mana | +50% Mana Regen | +8% Heal and Shield Strength,MAGIC ITEMS; SUPPORT ITEMS,Whispering Circlet ~   ~ Whispering Circlet ~ Convert Mana into Heal and Shield Powe ~  +200 Max Health ~  +500 Max Mana ~  +50% Mana Regen ~  +8% Heal and Shield Strength ~ Harmony: ~  Gain  ~ 0.5% max Mana ~  as bonus  ~ Heal and Shield Power ~ . Casting an ability refunds  ~ 25% of its Mana ~  cost. ~ Mana Charge: ~  Grants  ~ 14 max Mana ~  for each Mana expenditure (occurs up to 3 times every 10 seconds). Caps at  ~ 700 max Mana ~ . This item then transforms into Diadem of Songs. ~   ~ 2400 ~ Whispering Circlet 
Diadem of Songs,,+200 Max Health | +1200 Max Mana | +50% Mana Regen | +8% Heal and Shield Strength,MAGIC ITEMS; SUPPORT ITEMS,"Diadem of Songs ~   ~ Diadem of Songs ~ Convert Mana into Heal and Shield Powe ~  +200 Max Health ~  +1200 Max Mana ~  +50% Mana Regen ~  +8% Heal and Shield Strength ~ Harmony: ~  Gain  ~ 0.5% max Mana ~  as bonus  ~ Heal and Shield Power ~ . Casting an ability refunds  ~ 25% of its Mana ~  cost. ~ Diadem: ~  While you or an ally you've healed or shielded in the last 3 second(s) is in combat with champions, each second,  ~ heal ~  the lowest Health ally within 800 units of you for  ~ Health ~  equal to  ~ 0.8% max Mana ~ . ~ Diadem of Songs "
Redemption,2450,+40 Ability Power | +50% Mana Regen | +10 Ability Haste | +8% Heal and Shield Strength,MAGIC ITEMS; SUPPORT ITEMS,"Redemption ~   ~ Redemption ~ Heal allies in an area ~  +40 Ability Power ~  +50% Mana Regen ~  +10 Ability Haste ~  +8% Heal and Shield Strength ~ Intervention (Active): ~  Target a large area. After 2.5s,  ~ restore 150-350 Health ~  (based on ally's level) to allied units and deal  ~ 10% of max ~  as  ~ true damage ~  to enemy champions. (60s Cooldown) ~ Can be cast while dead. ~   ~ 2450 ~ Redemption "
Imperial Mandate,2600,+60 Ability Power | +50% Mana Regen | +20 Ability Haste,MAGIC ITEMS; SUPPORT ITEMS,"Imperial Mandate ~   ~ Imperial Mandate ~ Crowd control grants additional ally damage ~  +60 Ability Power ~  +50% Mana Regen ~  +20 Ability Haste ~ Control: ~  Your crowd control abilities gain  ~ 20 Ability Haste ~ . ~ Command: ~  Crowd controlling an enemy champion marks them for 4 second(s), causing them to take 7% increased damage. ~   ~ 2600 ~ Imperial Mandate "
Oceanid's Trident,2600,+200 Max Health | +80 Ability Power | +10 Ability Haste,MAGIC ITEMS; SUPPORT ITEMS,"Oceanid's Trident ~   ~ Oceanid's Trident ~ Anti-Shielding ~  +200 Max Health ~  +80 Ability Power ~  +10 Ability Haste ~ Lethal Weapon: ~  Dealing ability damage to an enemy champion reduces any  ~ shields ~  they gain for 3 seconds. Area of effect abilities apply ( ~ 5% of bonus AP ~  + 25)% shield reduction, capped at 45%; while single target abilities apply ( ~ 5% of bonus AP ~  + 40)% shield reduction, capped at 60%. When you damage an enemy who is unaffected by  ~ Lethal Weapon ~ , all shields on them are reduced by the same values. ~   ~ 2600 ~ Oceanid's Trident "
Morellonomicon,2650,+300 Max Health | +75 Ability Power | +15 Ability Haste,MAGIC ITEMS; SUPPORT ITEMS,Morellonomicon ~   ~ Morellonomicon ~ Magic damage reduces enemy healing ~  +300 Max Health ~  +75 Ability Power ~  +15 Ability Haste ~ Affliction: ~  Dealing  ~ magic damage ~  to enemy champions inflicts  ~ 50% Grievous Wounds ~  for 3 seconds. ~ Grievous Wounds ~  reduces the effectiveness of Healing and Regeneration effects. ~   ~ 2650 ~ Morellonomicon 
Hextech Roketbelt,2700,+250 Max Health | +70 Ability Power | +20 Ability Haste,MAGIC ITEMS,"Hextech Roketbelt ~   ~ Hextech Roketbelt ~ Small dash ~  +250 Max Health ~  +70 Ability Power ~  +20 Ability Haste ~ Protobelt (Active): ~  Dash forward and unleash a cone of missiles, dealing  ~ 100 ~  plus  ~ 10% ~   ~ magic damage. ~  (30s Cooldown) ~ If champions or monsters are hit by more than one missile, missiles after the first will deal only 10% damage. ~   ~ 2700 ~ Hextech Roketbelt "
Rylai's Crystal Scepter,2700,+350 Max Health | +65 Ability Power,MAGIC ITEMS,Rylai's Crystal Scepter ~   ~ Rylai's Crystal Scepter ~ Abilities apply slows ~  +350 Max Health ~  +65 Ability Power ~ Icy: ~  Damaging abilities and  ~ empowered attacks ~   ~ slow enemies ~  by 30% for 0.75 second. ~   ~ 2700 ~ Rylai's Crystal Scepter 
Rod of Ages,2700,+350 Max Health | +50 Ability Power | +400 Max Mana,MAGIC ITEMS,"Rod of Ages ~   ~ Rod of Ages ~ Stats grow over time ~  +350 Max Health ~  +50 Ability Power ~  +400 Max Mana ~ Eternity: ~  Restore  ~ Mana ~  equal to  ~ 15% ~  of the damage taken from champions. Regen  ~ Health ~  equal to  ~ 20% Mana ~  spent. Capped at  ~ 25 Health ~  per cast. ~ Veteran: ~  Each stack provides  ~ 15 Health ~ ,  ~ 30 Mana ~  and  ~ 4 Ability Power ~ , stacking at a rate of 1 every 35 seconds. Max of 10 stacks, providing  ~ 150 Health ~ ,  ~ 300 Mana ~ , and  ~ 40 Ability Power ~ . ~   ~ 2700 ~ Rod of Ages "
Horizon Focus,2700,+80 Ability Power | +25 Ability Haste,MAGIC ITEMS,"Horizon Focus ~   ~ Horizon Focus ~ Deals bonus damage to marked targets ~  +80 Ability Power ~  +25 Ability Haste ~ Hypershot: ~  Damaging an enemy champion with an ability from 600 units away reveals them for 8 seconds and increases damage dealt to them by 10%. ~ Focus: ~  When Hypershot is triggered, it reveals all enemy champions within 1.200 units of the target for 3s. (12s Cooldown) ~   ~ 2700 ~ Horizon Focus "
Malignance,2700,+90 Ability Power | +500 Max Mana | +15 Ability Haste,MAGIC ITEMS,"Malignance ~   ~ Malignance ~ An item made for Ultimate-centric playstyles ~  +90 Ability Power ~  +500 Max Mana ~  +15 Ability Haste ~ Scorn: ~  Your Ultimate abilities gain  ~ 20 Ability Haste ~ . ~ Hatefog: ~  Damaging a champion with your Ultimate burns the ground beneath them for 3 second(s), dealing  ~ magic damage ~  equal to  ~ 60 ~  plus  ~ 5% AP ~  per second and reducing their  ~ Magic Resist by 10 ~ . Burn radius increases with damage, reaching maximum radius at 800 damage. ~   ~ 2700 ~ Malignance "
Stormsurge,2800,+90 Ability Power | +15 Magic Penetration | +6% Move Speed,MAGIC ITEMS,"Stormsurge ~   ~ Stormsurge ~ A powerful item for Scaling Mages ~  +90 Ability Power ~  +15 Magic Penetration ~  +6% Move Speed ~ Stormraider: ~  When damaging a champion, dealing damage equal to  ~ 25% of their max Health ~  within 2.5 second(s) applies  ~ Squall ~  to them and grants you  ~ 25% bonus Movement Speed ~  for 2.5s. (25s Cooldown) ~ Squall: ~  After 2 second(s), strike the target, dealing  ~ magic damage ~  equal to  ~ 125 ~  plus  ~ 10% ~ . If the target is killed before the strike, it detonates immediately in a large area and grants  ~ 25 gold ~ . ~   ~ 2800 ~ Stormsurge "
Blackfire Torch,2800,+80 Ability Power | +500 Maximum Mana | +20 Ability Haste,MAGIC ITEMS,"Blackfire Torch ~   ~ Blackfire Torch ~ Deal burn damage ~  +80 Ability Power ~  +500 Maximum Mana ~  +20 Ability Haste ~ Baleful Blaze: ~  Dealing damage with abilities causes enemies to burn for  ~ 20 ~  +  ~ 2% ~ magic damage ~  per second for 3 seconds. ~ Deal  ~ 40 ~  plus  ~ 2% ~ magic damage ~  every second to monsters. ~ Blackfire: ~  For each enemy champion or monster affected by your Baleful Blaze, gain  ~ 4% Ability Power ~ . ~   ~ 2800 ~ Blackfire Torch "
Luden's Echo,2800,+100 Ability Power | +500 Max Mana | +10 Ability Haste,MAGIC ITEMS,Luden's Echo ~   ~ Luden's Echo ~ Abilities deal bonus damage ~  +100 Ability Power ~  +500 Max Mana ~  +10 Ability Haste ~ Echo: ~  Your next damaging ability or  ~ empowered attack ~  deals an additional  ~ 140 ~  +  ~ 15% ~   ~ magic damage ~  to the target and up to  ~ 3 ~  nearby enemies. (9s Cooldown) ~   ~ 2800 ~ Luden's Echo 
Lich Bane,2800,+100 Ability Power | +10 Ability Haste | +5% Move Speed,MAGIC ITEMS,Lich Bane ~   ~ Lich Bane ~ Attacks deal bonus damage aster ability casts ~  +100 Ability Power ~  +10 Ability Haste ~  +5% Move Speed ~ Spellblade: ~  Using an ability causes the next attack used within 10 seconds to deal  ~ bonus magic damage ~  equal to  ~ 75% base AD  ~  +  ~ 45% AP  ~ . (1.5s Cooldown) Damage is reduced vs structures. ~   ~ 2800 ~ Lich Bane 
Bloodletter's Curse,2900,+350 Maximum Health | +65 Ability Power | +15 Ability Haste,MAGIC ITEMS,Bloodletter's Curse ~   ~ Bloodletter's Curse ~ Reduces enemy's Magic Resist ~  +350 Maximum Health ~  +65 Ability Power ~  +15 Ability Haste ~ Vile Decay: ~  Dealing  ~ magic damage ~  with abilities or passives to champions reduces their  ~ Magic Resist by 7.5% ~  for 6 seconds (max 30%). ~   ~ 2900 ~ Bloodletter's Curse 
Banshee's Veil,3000,+105 Ability Power | +40 Magic Resistance,MAGIC ITEMS; DEFENSE ITEMS,Banshee's Veil ~   ~ Banshee's Veil ~ Blocks an enemy ability ~  +105 Ability Power ~  +40 Magic Resistance ~ Annul: ~  Grants a  ~ spell shield ~  that blocks the next hostile ability. (30s Cooldown) ~   ~ 3000 ~ Banshee's Veil 
Cryptbloom,3000,+75 Ability Power | +30% Magic Penetration | +20 Ability Haste,MAGIC ITEMS; SUPPORT ITEMS,"Cryptbloom ~   ~ Cryptbloom ~ Restore health on champion kill ~  +75 Ability Power ~  +30% Magic Penetration ~  +20 Ability Haste ~ Life from Death: ~  When a champion that you damaged within 3s dies, a nova spreads from their corpse that  ~ restores 100 ~  plus  ~ 20% ~ Health ~  to allies. (60s Cooldown) ~   ~ 3000 ~ Cryptbloom "
Liandry's Torment,3000,+300 Max Health | +70 Ability Power,MAGIC ITEMS,"Liandry's Torment ~   ~ Liandry's Torment ~ Abilities deal bonus damage ~  +300 Max Health ~  +70 Ability Power ~ Torment: ~  Damaging abilities and  ~ empowered attacks ~  burn enemies for 2%  ~ max Health ~   ~ magic damage ~  for 3 seconds. ~ Madness: ~  Deals 2% more damage for each second in combat against champions, capped at 6% after 3 seconds. ~   ~ 3000 ~ Liandry's Torment "
Archangel's Staff,3000,+60 Ability Power | +500 Max Mana | +25 Ability Haste,MAGIC ITEMS,"Archangel's Staff ~   ~ Archangel's Staff ~ Converts Mana to Ability Power ~  +60 Ability Power ~  +500 Max Mana ~  +25 Ability Haste ~ Awe: ~  Grants Ability Power equal to  ~ 1% ~  max Mana and refunds  ~ 25%  ~  of all Mana spent. ~ Mana Charge: ~  Increases max Mana by  ~ 14 ~  every time Mana is spent. Caps at  ~ 700 bonus Mana ~ , transforming Archangel's Staff into Seraph's Embrace. Triggers up to 3 times every 10 seconds. You may only carry one Tear of the Goddess item at a time. ~   ~ 3000 ~ Archangel's Staff "
Seraph's Embrace,,+60 Ability Power | +1200 Max Mana | +25 Ability Haste,MAGIC ITEMS,"Seraph's Embrace ~   ~ Seraph's Embrace ~ Converts Mana to Ability Power ~  +60 Ability Power ~  +1200 Max Mana ~  +25 Ability Haste ~ Awe: ~  Grants Ability Power equal to  ~ 2% ~  max Mana and refunds  ~ 25%  ~  of all Mana spent. ~ Lifeline: ~  Damage that puts you under  ~ 35%  ~  Health ~  consumes  ~ 20% ~  of your current  ~ Mana ~  to grant a  ~ shield ~ , equal to that amount  ~ +100 ~  for 2 seconds. (70s cooldown). ~ Seraph's Embrace "
Cosmic Drive,3000,+300 Max Health | +70 Ability Power | +25 Ability Haste | +4% Move Speed,MAGIC ITEMS,Cosmic Drive ~   ~ Cosmic Drive ~ Dealing ability damage grants movement speed ~  +300 Max Health ~  +70 Ability Power ~  +25 Ability Haste ~  +4% Move Speed ~ Spelldance: ~  Dealing  ~ magic ~  or  ~ true damage ~  to champions grants  ~ 30 Movement Speed ~  for 4 second(s). ~   ~ 3000 ~ Cosmic Drive 
Dusk and Dawn,3100,+300 Maximum Health | +20% Attack Speed | +60 Ability Power | +20 Ability Haste,MAGIC ITEMS,"Dusk and Dawn ~   ~ Dusk and Dawn ~ Applies on-hit effects ~  +300 Maximum Health ~  +20% Attack Speed ~  +60 Ability Power ~  +20 Ability Haste ~ Spellblade: ~  After using an ability, your next attack deals  ~ (75% base ~ +  ~ 10% ~ ) bonus  ~ magic damage ~  and restores ( ~ 3% bonus ~  +  ~ 10% ~ ) Htalth to you. After a brief delay, apply  ~ on-hits ~  to the target 1 additional time. (1.5s Cooldown) ~ Deals reduced damage to structures. ~   ~ 3100 ~ Dusk and Dawn "
Infinity Orb,3100,+110 Ability Power | +15 Magic Penetration,MAGIC ITEMS,Infinity Orb ~   ~ Infinity Orb ~ Abilities deal bonus damage ~  +110 Ability Power ~  +15 Magic Penetration ~ Inevitable Demise: ~  Abilities and  ~ empowered attacks ~   ~ Critically Strike ~  for  ~ 20% ~  bonus damage against enemies below  ~ 40% Health ~ . ~   ~ 3100 ~ Infinity Orb 
Riftmaker,3100,+350 Max Health | +70 Ability Power | +15 Ability Haste,MAGIC ITEMS,"Riftmaker ~   ~ Riftmaker ~ Ramping Damage ~  +350 Max Health ~  +70 Ability Power ~  +15 Ability Haste ~ Void Corruption: ~  Every 1 second(s) in combat with enemy champions, deal 2% bonus damage, up to 8%. ~ At maximum strength, gain ~ Omni Vamp. ~  (10% for melee champions / 6% for ranged champions). ~ Void Infusion: ~  Gain  ~ 2% of your bonus Health ~  as  ~ Ability Power ~ . ~   ~ 3100 ~ Riftmaker "
Zhonya's Hourglass,3300,+40 Armor | +110 Ability Power,MAGIC ITEMS; DEFENSE ITEMS,"Zhonya's Hourglass ~   ~ Zhonya's Hourglass ~ Turn invulnerable ~  +40 Armor ~  +110 Ability Power ~ Stasis (Active): ~  Become invulnerable and untargetable for 2.5 seconds, but unable to move, attack, cast abilities or use items. (90s Cooldown) ~   ~ 3300 ~ Zhonya's Hourglass "
Rabadon's Deathcap,3400,+130 Ability Power,MAGIC ITEMS,Rabadon's Deathcap ~   ~ Rabadon's Deathcap ~ Boosts Ability Power ~  +130 Ability Power ~ Overkill: ~  Increases  ~ Ability Power by 30% ~ . ~   ~ 3400 ~ Rabadon's Deathcap 
Abyssal Mask,2400,+350 Max Health | +45 Magic Resistance | +10 Ability Haste,DEFENSE ITEMS; SUPPORT ITEMS,Abyssal Mask ~   ~ Abyssal Mask ~ Deal increased magic damage ~  +350 Max Health ~  +45 Magic Resistance ~  +10 Ability Haste ~ Unmake: ~   ~ Magic damage ~  against enemy champions within 650 units of you is increased by 12%. (Unmake's damage bonus does not stack.) ~   ~ 2400 ~ Abyssal Mask 
Zeke's Convergence,2400,+300 Max Health | +25 Armor | +25 Magic Resistance | +10 Ability Haste,DEFENSE ITEMS; SUPPORT ITEMS,"Zeke's Convergence ~   ~ Zeke's Convergence ~ Deals damage in an area and slows nearby enemies ~  +300 Max Health ~  +25 Armor ~  +25 Magic Resistance ~  +10 Ability Haste ~ Converge: ~  Gain 10 ultimate ability haste. ~ Frostfire Tempest: ~  Using your ultimate ability summons a storm around you for 5s. The storm deals  ~ 150 total magic damage ~  to enemy champions within 350 units and slows them by 30%. If no enemy champions are in range when the ultimate is cast, the storm is delayed until an enemy champion comes within range, or for a maximum of 5s. (30s Cooldown) ~   ~ 2400 ~ Zeke's Convergence "
Yordle Trap,2400,+200 Max Health | +20 Armor | +20 Magic Resistance | +15 Ability Haste,DEFENSE ITEMS; SUPPORT ITEMS,"Yordle Trap ~   ~ Yordle Trap ~ Crowd controlling enemies empowers you and allied champions ~  +200 Max Health ~  +20 Armor ~  +20 Magic Resistance ~  +15 Ability Haste ~ Catcher: ~   ~ Slowing ~  or  ~ immobilizing ~  an enemy champion  ~ empowers ~  you for 8 second(s) (4 second(s) for ranged champions) and grants  ~ 20 Movement Speed ~ . When  ~ empowered ~ , you and nearby allied champions gain  ~ 30% Attack Speed ~  (20% for ranged champions). Gain  ~ 20 bonus gold ~  if you or your allies kill a champion while  ~ empowered ~ . ~   ~ 2400 ~ Yordle Trap "
Knight's Vow,2450,+200 Max Health | +100% Health Regen | +40 Armor | +10 Ability Haste,DEFENSE ITEMS; SUPPORT ITEMS,"Knight's Vow ~   ~ Knight's Vow ~ Redirect damage to yourself and restore Health ~  +200 Max Health ~  +100% Health Regen ~  +40 Armor ~  +10 Ability Haste ~ Sacrifice: ~  While your Worthy ally is nearby, redirect 12% of the damage they take to you and  ~ heal for 10% ~  of the damage dealt by them to champions. ~ Pledge: ~  When you buy or re-buy this item, designate an ally who is Worthy. ~   ~ 2450 ~ Knight's Vow "
Frozen Heart,2550,+80 Armor | +400 Max Mana | +20 Ability Haste,DEFENSE ITEMS; SUPPORT ITEMS,Frozen Heart ~   ~ Frozen Heart ~ Reduces enemy Attack Speed ~  +80 Armor ~  +400 Max Mana ~  +20 Ability Haste ~ Winter's Caress: ~  Reduce the  ~ Attack Speed ~  of enemy champions within 650 units of you by  ~ 25% ~ . ~   ~ 2550 ~ Frozen Heart 
Mantle of the Twelfth Hour,2550,+600 Max Health | +20 Ability Haste,DEFENSE ITEMS; SUPPORT ITEMS,"Mantle of the Twelfth Hour ~   ~ Mantle of the Twelfth Hour ~ Increases max Health when your Health is low ~  +600 Max Health ~  +20 Ability Haste ~ Lifeline: ~  Damage that puts you under  ~ 30% ~  grants bonus max Health equal to  ~ 200–300 bonus Health ~  for 5s. Additionally gain 10%  ~ Movement Speed ~  and  ~ 20% Tenacity ~  and increase in size by 10% for 5s. During this time, restore (200–400 ( ~ ) +  ~ 120 Armor ~ +  ~ 120% Magic Resistance ~ +  ~ 15 ~ ) Health. (70s Cooldown) ~   ~ 2550 ~ Mantle of the Twelfth Hour "
Locket of the Iron Solari,2600,+200 Max Health | +30 Armor | +30 Magic Resistance | +10 Ability Haste,DEFENSE ITEMS; SUPPORT ITEMS,Locket of the Iron Solari ~   ~ Locket of the Iron Solari ~ Team shield ~  +200 Max Health ~  +30 Armor ~  +30 Magic Resistance ~  +10 Ability Haste ~ Locket (Active):  ~  Grants a  ~ shield ~  to yourself and nearby allied champions that each  ~ absorbs 250-370 ~  damage for 2.5 seconds. (60s Cooldown) ~ This effect is reduced by 50% if the target has been affected by another Locket in the last 20 seconds. ~   ~ 2600 ~ Locket of the Iron Solari 
Winter's Approach,2600,+500 Max Health | +500 Max Mana | +15 Ability Haste,DEFENSE ITEMS,"Winter's Approach ~   ~ Winter's Approach ~ Converts Mana to Health ~  +500 Max Health ~  +500 Max Mana ~  +15 Ability Haste ~ Awe: ~  Grants  ~ bonus health ~  equal to  ~ 15% ~ of max Mana and refunds  ~ 15% ~ of all Mana spent. ~ Mana Charge: ~  Grants  ~ 14 ~  max Mana for each attack, Mana expenditure, or each time damage is taken from champions, structures, or epic monsters. Grants a maximum of  ~ 700 ~  max Mana, at which point this item transforms into Fimbulwinter. Occurs up to 3 times every 10 seconds. You may only carry 1 Tear of the Goddess item at a time. ~   ~ 2600 ~ Winter's Approach "
Fimbulwinter,,+500 Max Health | +1200 Max Mana | +15 Ability Haste,DEFENSE ITEMS,"Fimbulwinter ~   ~ Fimbulwinter ~ Converts Mana to Health ~  +500 Max Health ~  +1200 Max Mana ~  +15 Ability Haste ~ Awe: ~  Grants  ~ bonus health ~  equal to  ~ 15% ~ of max Mana and refunds  ~ 15% ~ of all Mana spent. ~ Frozen Colossus: ~  Impairing an enemy champion's movement grants a  ~ shield ~  that absorbs damage equal to  ~ 120 ~  plus  ~ 4.5% max Mana ~  for 3s, increased by 80% if there is more than 1 enemy champion nearby. (8s Cooldown) Shield is 50% effective for ranged champions. ~ Fimbulwinter "
Radiant Virtue,2650,+300 Max Health | +30 Armor | +30 Magic Resistance | +10 Ability Haste,DEFENSE ITEMS; SUPPORT ITEMS,"Radiant Virtue ~   ~ Radiant Virtue ~ Heal allies upon casting your ultimate ability. ~  +300 Max Health ~  +30 Armor ~  +30 Magic Resistance ~  +10 Ability Haste ~ Guiding Light: ~  Upon casting your ultimate ability, you Transcend, increasing your  ~ max Health ~  by  ~ 10% ~  for 6s. While Transcended, allied champions within 1,200 units of you  ~ heal for 2.5% ~  of your  ~ max Health ~  per second over the duration. (60s Cooldown) If you're a ranged champion, heals granted are reduced by 50%. ~   ~ 2650 ~ Radiant Virtue "
Thornmail,2700,+200 Max Health | +75 Armor,DEFENSE ITEMS; SUPPORT ITEMS,"Thornmail ~   ~ Thornmail ~ Reflects damage and reduces enemy healing ~  +200 Max Health ~  +75 Armor ~ Thorns: ~  When struck by an attack, deal  ~ 20 ~  +  ~ 6% bonus Armor ~  +  ~ 1% bonus Health ~   ~ magic damage ~  to the attacker. ~ Entwine: ~  Apply  ~ 50% Grievous Wounds ~  to enemy champions for 3 second(s) when stuck by their attacks or dealing damage to them. ~ Grievous Wounds ~  reduces the effectiveness of Healing and Regeneration effects. ~   ~ 2700 ~ Thornmail "
Dawnshroud,2700,+250 Max Health | +50 Armor | +30 Magic Resistance,DEFENSE ITEMS; SUPPORT ITEMS,"Dawnshroud ~   ~ Dawnshroud ~ Immobilize effects damage and reveal around you ~  +250 Max Health ~  +50 Armor ~  +30 Magic Resistance ~ Dawnbringer: ~  When you immobilize a champion champion or are immobilized within 400 units of an enemy champion, reveal all nearby enemy champions for 3 seconds, deal  ~ magic damage ~  equal to  ~ 40 ~  +  ~ 2.5% bonus ~ and gain 20%  ~ Armor ~  and  ~ Magic Resistance ~  (3s Cooldown) ~   ~ 2700 ~ Dawnshroud "
Hollow Radiance,2800,+400 Max Health | +40 Magic Resistance | +15 Ability Haste,DEFENSE ITEMS,"Hollow Radiance ~   ~ Hollow Radiance ~ Deals damage in an area ~  +400 Max Health ~  +40 Magic Resistance ~  +15 Ability Haste ~ Immolate: ~  While in combat, deal  ~ magic damage ~  equal to  ~ 20–30 ~  plus  ~ 1% of bonus ~  per second for 5 second(s) to nearby enemies. Deals 125% damage against monsters and 200% damage against minions. ~ Desolate: ~  Killing a neutral monster or an enemy deals  ~ magic damage ~  equal to  ~ 30 ~  plus  ~ 2% of bonus ~  in an area around them. ~   ~ 2800 ~ Hollow Radiance "
Randuin's Omen,2800,+400 Max Health | +75 Armor,DEFENSE ITEMS,Randuin's Omen ~   ~ Randuin's Omen ~ Counters Critical Strike Damage ~  +400 Max Health ~  +75 Armor ~ Resilience: ~   ~ Critically Struck ~  deal 30% less damage to you. ~ Countercurrent: ~  Gain 1 stacks of  ~ Countercurrent ~  when Critically Struck by  ~ physical damage ~ . Each stuck grants  ~ 5% Movement Speed ~  and 5% slow resist. Max 4 stacks. ~   ~ 2800 ~ Randuin's Omen 
Dead Man's Plate,2800,+350 Max Health | +70 Armor | +4% Movement Speed,DEFENSE ITEMS,"Dead Man's Plate ~   ~ Dead Man's Plate ~ Increases Movement Speed ~  +350 Max Health ~  +70 Armor ~  +4% Movement Speed ~ Momentum: ~  Moving builds  ~ Momentum ~ , granting up to  ~ 40 Move Speed ~  at  ~ 100 stacks ~ . Attacking removes all  ~ Momentum ~ . Stacks decay when movement is impaired. ~ Crushing Blow: ~  Attacks deal up to  ~ 100 bonus magic damage ~  based on  ~ Momentum ~  removed. Melee attacks with max Momentum  ~ slows by 75% ~  for 1 second. ~   ~ 2800 ~ Dead Man's Plate "
Force of Nature,2800,+400 Max Health | +60 Magic Resistance | +5% Move Speed,DEFENSE ITEMS,"Force of Nature ~   ~ Force of Nature ~ Stacking Magic Resist and Move Speed ~  +400 Max Health ~  +60 Magic Resistance ~  +5% Move Speed ~ Absorb: ~  Taking ability damage from enemy champions grants 1 stack(s) of Steadfast for 7 seconds (max 4 stacks). Dealing damage to an enemy champion refreshes the duration of the stacks. At maximum stacks, gain  ~ 6% Movement Speed ~  and  ~ 70 ~  bonus  ~ Magic Resistance ~ . ~   ~ 2800 ~ Force of Nature "
Heartsteel,3000,+700 Max Health | +150% Health Regen | +20 Ability Haste,DEFENSE ITEMS,"Heartsteel ~   ~ Heartsteel ~ Increase Maximum Health ~  +700 Max Health ~  +150% Health Regen ~  +20 Ability Haste ~ Colossal Consumption: ~  While within 700 units of an enemy champion, charges for 2.5 seconds before dealing a huge strike against the enemy champion. This charged attack deals bonus  ~ physical damage ~  equal to  ~ 140 ~  +  ~ 3.5% of maximum Health ~ , and grants  ~ maximum Health ~  equal to  ~ 15% ~  of the damage dealt. The charge for each target has a 20 second cooldown. ~   ~ 3000 ~ Heartsteel "
Kaenic Rookern,2800,+350 Max Health | +100% Health Regen | +85 Magic Resistance,DEFENSE ITEMS,"Kaenic Rookern ~   ~ Kaenic Rookern ~ Gains a magic shield when out of combat ~  +350 Max Health ~  +100% Health Regen ~  +85 Magic Resistance ~ Magebane: ~  After not taking  ~ magic damage ~  for 12 seconds, gain a  ~ magic shield ~  that absorbs damage equal to  ~ 50-150 ~  +  ~ 14% of max Health ~ . ~   ~ 2800 ~ Kaenic Rookern "
Warmog's Armor,2850,+700 Max Health | +100% Health Regen | +20 Ability Haste,DEFENSE ITEMS,"Warmog's Armor ~   ~ Warmog's Armor ~ Out of combat Heath Regen ~  +700 Max Health ~  +100% Health Regen ~  +20 Ability Haste ~ Warmog's Heart: ~  If you have at least  ~ 950 bonus Health ~ , restore  ~ 3.5% Health ~  per second if you haven't taken damage within the last 5 seconds. ~ Blessed: ~  Increases all  ~ healing ~  and  ~ shielding ~  effects on you by 30%. ~   ~ 2850 ~ Warmog's Armor "
Gargoyle Stoneplate,2900,+200 Max Health | +45 Armor | +45 Magic Resistance | +10 Ability Haste,DEFENSE ITEMS,"Gargoyle Stoneplate ~   ~ Gargoyle Stoneplate ~ Shield ~  +200 Max Health ~  +45 Armor ~  +45 Magic Resistance ~  +10 Ability Haste ~ Stoneplate (Active): ~  Gain a base  ~ shield ~  that absorbs damage equal to  ~ 100 ~  plus  ~ 90% bonus ~ and gain size, decayng over 2.5s. (60s Cooldown) ~   ~ 2900 ~ Gargoyle Stoneplate "
Sunfire Aegis,2900,+350 Max Health | +40 Armor | +15 Ability Haste,DEFENSE ITEMS,"Sunfire Aegis ~   ~ Sunfire Aegis ~ Burns nearby emenies ~  +350 Max Health ~  +40 Armor ~  +15 Ability Haste ~ Immolate: ~  While in combat, deal  ~ magic damage ~  equal to  ~ 20 ~  plus  ~ 1.5% bonus HP ~  every second to nearby enemies.  ~ Immolate ~  deals 130% damage against monsters and 175-250% damage ( ~ ) against minions. ~   ~ 2900 ~ Sunfire Aegis "
Unending Despair,3000,+300 Max Health | +40 Armor | +40 Magic Resistance | +10 Ability Haste,DEFENSE ITEMS,"Unending Despair ~   ~ Unending Despair ~ Increases tanks' sustain in teamfights ~  +300 Max Health ~  +40 Armor ~  +40 Magic Resistance ~  +10 Ability Haste ~ Anguish: ~  Every 4 second(s) while in combat with a champion, deal  ~ 3% of your max Health ~  as  ~ magic damage ~  to nearby champions and  ~ heal ~  for 250% of the damage dealt. Anguish is unaffected by Item Ability Haste. ~   ~ 3000 ~ Unending Despair "
Iceborn Gauntlet,3000,+300 Max Health | +50 Armor | +250 Max Mana | +30 Ability Haste,DEFENSE ITEMS,Iceborn Gauntlet ~   ~ Iceborn Gauntlet ~ Attacks create a slowing field ~  +300 Max Health ~  +50 Armor ~  +250 Max Mana ~  +30 Ability Haste ~ Spellblade: ~  Using an ability causes your next attack within 10 seconds to deal  ~ bonus physical damage ~  equal to ( ~ 100% base AD  ~  +  ~ 25% Bonus Armor  ~ ) in an area and creates an icy field for 2 seconds that slows by 30%.  ~ Armor ~  increases the size of the icy field. (1.5s Cooldown) ~ Damage is reduced vs structures. ~   ~ 3000 ~ Iceborn Gauntlet 
Amaranth's Twinguard,3200,+300 Max Health | +50 Armor | +50 Magic Resistance,DEFENSE ITEMS,"Amaranth's Twinguard ~   ~ Amaranth's Twinguard ~ In-combat durability ~  +300 Max Health ~  +50 Armor ~  +50 Magic Resistance ~ Endurance: ~  Gain 1 stacks of Endurance every 1 seconds while in combat with enemy champions (max 5 stacks). At maximum stacks, gain 20% size,  ~ 20% Tenacity ~ , and increase  ~ Armor ~  by 30% and  ~ Magic Resistance ~  by 30% until out of combat with champion. ~   ~ 3200 ~ Amaranth's Twinguard "
Black Mist Scythe,0,+10 Ability Haste,SUPPORT ITEMS,"Black Mist Scythe ~   ~ Black Mist Scythe ~ Attack champions and structures to gain bonus gold ~  +10 Ability Haste ~ Versatile: ~  Gain  ~ 14 Attack Damage ~  or  ~ 28 Ability Power ~  (Adaptive). ~ Soulcast: ~  Every 60 seconds, gains  ~ 75 gold ~ ,  ~ 25 Health ~  and  ~ 2 Attack Damage ~ , or  ~ 4 Ability Power ~  (Adaptive); up to  ~ 250 Health ~  and  ~ 20 Attack Damage ~ , or  ~ 40 Ability Power ~  (Adaptive). ~ Deal 2 more damage to Sight Wards revealed by Sweeping Lens, Control Ward, and Scryer's Bloom. When out of combat, gain 10% Movement Speed when you move toward your Perfect Partner. If you're more than 2,500 units apart, this bonus increases to 30%. ~   ~ 0 ~ Black Mist Scythe "
Bulwark of the Mountain,0,+175 Max Health | +10 Ability Haste,SUPPORT ITEMS,"Bulwark of the Mountain ~   ~ Bulwark of the Mountain ~ Kill minions to earn bonus gold ~  +175 Max Health ~  +10 Ability Haste ~ Soulcast: ~  Every 60 seconds, gains  ~ 75 gold ~ ,  ~ 25 Health ~  and  ~ 2 Attack Damage ~ , or  ~ 4 Ability Power ~  (Adaptive); up to  ~ 250 Health ~  and  ~ 20 Attack Damage ~  or  ~ 40 Ability Power ~  (Adaptive). ~ Deal 2 more damage to Sight Wards revealed by Sweeping Lens, Control Ward, and Scryer's Bloom. When out of combat, gain 10% Movement Speed when you move toward your Perfect Partner. If you're more than 2,500 units apart, this bonus increases to 30%. ~   ~ 0 ~ Bulwark of the Mountain "
Echoes of Helia,2400,+200 Max Health | +40 Ability Power | +50% Mana Regen | +20 Ability Haste,SUPPORT ITEMS,"Echoes of Helia ~   ~ Echoes of Helia ~ Protect allies, granting them increased healing ~  +200 Max Health ~  +40 Ability Power ~  +50% Mana Regen ~  +20 Ability Haste ~ Soul Siphon: ~  Store 30% of the premitigation damage dealt to enemy champions as  ~ Soul Shards ~  (max 80–250 shards ( ~ )).  ~ Healing ~  or  ~ shielding ~  a teammate consumes all  ~ Soul Shards ~  to  ~ heal ~  them for the corresponding amount. ~   ~ 2400 ~ Echoes of Helia "
Ardent Censer,2400,+50 Ability Power | +50% Mana Regen | +8% Heal and Shield Strength | +4% Move Speed.,SUPPORT ITEMS,"Ardent Censer ~   ~ Ardent Censer ~ Increases allies Attack Speed ~  +50 Ability Power ~  +50% Mana Regen ~  +8% Heal and Shield Strength ~  +4% Move Speed. ~ Censer: ~  When you  ~ heal ~  or  ~ shield ~  an allied champion other than yourself, for the next 6 seconds, you and the ally gain  ~ 30% Attack Speed ~  and deal  ~ 25 ~  bonus  ~ magic damage ~  whenever you attack. ~   ~ 2400 ~ Ardent Censer "
Staff of Flowing Waters,2400,+50 Ability Power | +50% Mana Regen | +10 Ability Haste | +8% Heal and Shield Strength,SUPPORT ITEMS,Staff of Flowing Waters ~   ~ Staff of Flowing Waters ~ Enhance allies Ability Power and Ability Haste ~  +50 Ability Power ~  +50% Mana Regen ~  +10 Ability Haste ~  +8% Heal and Shield Strength ~ Rapids: ~   ~ Healing ~  or  ~ shielding ~  an ally grants you both  ~ 15 Ability Haste ~  and  ~ 40 ~ Ability Power ~  for 6 seconds. ~   ~ 2400 ~ Staff of Flowing Waters 
Mikael's Blessing,2500,+300 Max Health | +50% Mana Regen | +15 Ability Haste | +9% Heal and Shield Strength,SUPPORT ITEMS,"Mikael's Blessing ~   ~ Mikael's Blessing ~ Dispels crowd control from an ally ~  +300 Max Health ~  +50% Mana Regen ~  +15 Ability Haste ~  +9% Heal and Shield Strength ~ Purify (Active): ~  Remove all  ~ crowd control ~  debuffs (excluding knock up and suppression) from an allied champion, grant them  ~ crowd control immunity ~  for 0.2s, and  ~ heal ~  them for  ~ 150–250 Health ~ . (75s Cooldown) ~   ~ 2500 ~ Mikael's Blessing "
Shurelya's Battlesong,2500,+55 Ability Power | +50% Mana Regeneration | +20 Ability Haste | +4% Move Speed,SUPPORT ITEMS,Shurelya's Battlesong ~   ~ Shurelya's Battlesong ~ Grans allies Movement Speed ~  +55 Ability Power ~  +50% Mana Regeneration ~  +20 Ability Haste ~  +4% Move Speed ~ Inspiring Speech (Active): ~  Grant nearby allies champions  ~ 30% Move Speed ~  for 4 seconds. (60s Cooldown) ~   ~ 2500 ~ Shurelya's Battlesong 
Harmonic Echo,2500,+200 Max Health | +40 Ability Power | +50% Mana Regen | +20 Ability Haste,SUPPORT ITEMS,"Harmonic Echo ~   ~ Harmonic Echo ~ Abilities grant healing effects ~  +200 Max Health ~  +40 Ability Power ~  +50% Mana Regen ~  +20 Ability Haste ~ Harmonic Echo: ~  When you heal or shield an allied champion, the effect links to the nearest allied champion within range with the lowest percentage Health, excluding yourself, and grants them 30% of that heal or 35% of that shield. If no other allied champion is in range, the original target instead receives that same extra heal or shield. ~   ~ 2500 ~ Harmonic Echo "
Gluttonous Greaves,1000,+45 Move Speed,Boots tier 2,"Gluttonous Greaves ~   ~ Gluttonous Greaves ~ Attack Damage, Omnivamp ~  +45 Move Speed ~ Balance of Power: ~  Gain  ~ 12 Attack Damage ~  or  ~ 20 Ability Power ~  (Adaptive). ~ Conversion: ~  Gain  ~ 5% Omnivamp ~ . Champion takedowns grant an additional  ~ 0.5% Omnivamp ~ , up to  ~ 5% ~ . ~   ~ 1000 ~ Gluttonous Greaves "
Berserker's Greaves,1200,+35% Attack Speed | +45 Move Speed,Boots tier 2,Berserker's Greaves ~   ~ Berserker's Greaves ~ Attack Speed ~  +35% Attack Speed ~  +45 Move Speed ~ Blessed Blade: ~  Attacks restore 10 Health on hit. ~   ~ 1200 ~ Berserker's Greaves 
Mercury's Treads,1200,+150 Max Health | +25 Magic Resistance | +30 Tenacity | +45 Move Speed,Boots tier 2,Mercury's Treads ~   ~ Mercury's Treads ~ Increases Magic resist ~  +150 Max Health ~  +25 Magic Resistance ~  +30 Tenacity ~  +45 Move Speed ~   ~ 1200 ~ Mercury's Treads 
Plated Steelcaps,1200,+150 Max Health | +20 Armor | +45 Move Speed,Boots tier 2,Plated Steelcaps ~   ~ Plated Steelcaps ~ Reduces damage from champion attacks ~  +150 Max Health ~  +20 Armor ~  +45 Move Speed ~ Block: ~  Reduces damage from champion attacks by 10%. ~   ~ 1200 ~ Plated Steelcaps 
Ionian Boots of Lucidity,1000,+50% Mana Regen | +15 Ability Haste | +45 Move Speed,Boots tier 2,Ionian Boots of Lucidity ~   ~ Ionian Boots of Lucidity ~ Reduces ability cooldowns ~  +50% Mana Regen ~  +15 Ability Haste ~  +45 Move Speed ~ Summoned: ~  Reduces spell cooldowns by  ~ 15% ~ . ~   ~ 1000 ~ Ionian Boots of Lucidity 
Boots of Mana,1200,+25 Ability Power | +8 Magic Penetration | +75% Mana Regeneration | +45 Move Speed,Boots tier 2,"Boots of Mana ~   ~ Boots of Mana ~ Ability Power, Magic Pen, Mana Regeneration ~  +25 Ability Power ~  +8 Magic Penetration ~  +75% Mana Regeneration ~  +45 Move Speed ~ Equilibrium: ~  Champions without Mana gain 50% bonus health Regen. ~ Big Bully: ~  Attacks and active abilities deal  ~ 18 bonus true damage ~  to minions. ~   ~ 1200 ~ Boots of Mana "
Boots of Dynamism,1200,+15 Attack Damage | +10 Armor Penetration | +45 Move Speed,Boots tier 2,"Boots of Dynamism ~   ~ Boots of Dynamism ~ Attack Damage, Armor Pen ~  +15 Attack Damage ~  +10 Armor Penetration ~  +45 Move Speed ~   ~ 1200 ~ Boots of Dynamism "
Immortal Treds,2000,+45 Move Speed,Boots tier 3,"Immortal Treds ~   ~ Immortal Treds ~ Deal bonus damage or gain increased healing and shielding ~  +45 Move Speed ~ Balance of Power: ~  Gain  ~ 12 Attack Damage ~  or  ~ 20 Ability Power ~  (Adaptive). ~ Conversion: ~  Gain  ~ 5% Omnivamp ~ . Champion takedowns grant an additional  ~ 0.5% Omnivamp ~ , up to  ~ 5% ~ . ~ Now and Forever: ~  When you have more than 50% Health, deal 5% bonus damage. When below 50% Health, gain 12% increased healing and shielding. ~   ~ 2000 ~ Immortal Treds "
Gunmetal Greaves,2200,+50% Attack Speed | +45 Move Speed | +5% Lifesteal,Boots tier 3,Gunmetal Greaves ~   ~ Gunmetal Greaves ~ Increases Attack Speed and Movement Speed ~  +50% Attack Speed ~  +45 Move Speed ~  +5% Lifesteal ~ Noxian Gait: ~  Attacks against enemy champions grant  ~ Movement Speed ~  ( ~ 10% ~  for melee champions /  ~ 7% ~  for ranged champions) decaying over 2 seconds. ~ Blessed Blade: ~  Attacks  ~ restore 12 Health ~  on hit. ~   ~ 2200 ~ Gunmetal Greaves 
Chainlaced Crushers,2200,+150 Max Health | +30 Magic Resistance | +30% Tenacity | +45 Move Speed,Boots tier 3,"Chainlaced Crushers ~   ~ Chainlaced Crushers ~ Gain a magic shield upon taking magic damage ~  +150 Max Health ~  +30 Magic Resistance ~  +30% Tenacity ~  +45 Move Speed ~ Noxian Persistence: ~  After taking  ~ magic damage ~  from a champion, gain a  ~ magic shield ~  that absorbs  ~ 10-120 ~  plus  ~ 5% max ~ for 5s. (12s Cooldown) ~   ~ 2200 ~ Chainlaced Crushers "
Armored Advance,2200,+150 Max Health | +30 Armor | +45 Move Speed,Boots tier 3,Armored Advance ~   ~ Armored Advance ~ Grants Armor and a shield ~  +150 Max Health ~  +30 Armor ~  +45 Move Speed ~ Block: ~  Reduce damage from champion attacks by 10%. ~ Noxian Endurance: ~  After taking  ~ physical damage ~  from a champion grants a  ~ physical shield ~  that absorbs damage equal to  ~ 10-140 ~  plus  ~ 8% max Health ~ . (12s Cooldown) ~   ~ 2200 ~ Armored Advance 
Crimson Lucidity,2000,+75% Mana Regeneration | +25 Ability Haste | +45 Move Speed,Boots tier 3,"Crimson Lucidity ~   ~ Crimson Lucidity ~ Reduces ability cooldown ~  +75% Mana Regeneration ~  +25 Ability Haste ~  +45 Move Speed ~ Summoned: ~  Reduces spell cooldown by  ~ 20% ~ . ~ Noxian Haste: ~   ~ Healing ~  or  ~ shielding ~  allied champions, casting a spell, or dealing damage to enemies with abilities grants  ~ Movement Speed ~  ( ~ 10% ~  for melee champions /  ~ 8% ~  for ranged champions) for 4 seconds. ~ This effect can only be triggered once every 4 seconds per ability. ~   ~ 2000 ~ Crimson Lucidity "
Spellslinger's Shoes,2200,+35 Ability Power | +18 Magic Penetration | +8% Magic Penetration | +100% Mana Regeneration | +45 Move Speed,Boots tier 3,Spellslinger's Shoes ~   ~ Spellslinger's Shoes ~ Deal bonus damage to minions ~  +35 Ability Power ~  +18 Magic Penetration ~  +8% Magic Penetration ~  +100% Mana Regeneration ~  +45 Move Speed ~ Equilibrium: ~  Champions without Mana gain 50% base Health Regen. ~ Big Bully: ~  Attacks and active abilities deal  ~ 18 bonus true damage ~  to minions. ~   ~ 2200 ~ Spellslinger's Shoes 
Armorcrusher Boots,2200,+25 Attack Damage | +12 Armor Penetration | +6% Armor Penetration | +45 Move Speed,Boots tier 3,Armorcrusher Boots ~   ~ Armorcrusher Boots ~ Gain out-of-combat Movement Speed ~  +25 Attack Damage ~  +12 Armor Penetration ~  +6% Armor Penetration ~  +45 Move Speed ~ Cloudwalker: ~  Gain  ~ 20 ~  out-of combat  ~ Move Speed ~ . ~   ~ 2200 ~ Armorcrusher Boots 
Quicksilver Sash,1100,,Mid Tier Items,"Quicksilver Sash ~   ~ Quicksilver Sash ~ Dispels crowd control ~ Quicksilver (Active): ~  Removes all crowd control effects currently affecting you, and become immune to crowd control effects for 0.25 seconds. ~ Perseverance (Passive): ~  When the  ~ Quicksilver ~  effects ends, grant  ~ 30% Tenacity ~  and  ~ 30% Slow Resist ~  for 1.5 seconds. (60s Cooldown) ~ Cannot be used during knock up or knock back effects. ~   ~ 1100 ~ Quicksilver Sash "
Seeker's Armguard,1200,+20 Armor | +35 Ability Power,Mid Tier Items,"Seeker's Armguard ~   ~ Seeker's Armguard ~ Turn invulnerable ~  +20 Armor ~  +35 Ability Power ~ Stasis (Active): ~  Become invulnerable and untargetable for 2.5 seconds, but unable to move, attack, cast abilities or use items. (120s Cooldown) ~   ~ 1200 ~ Seeker's Armguard "
Vampiric Scepter,1200,+20 Attack Damage | +8% Lifesteal,Mid Tier Items,Vampiric Scepter ~   ~ Vampiric Scepter ~  +20 Attack Damage ~  +8% Lifesteal ~   ~ 1200
Zeal,1400,+15% Critical Rate | +15% Attack Speed,Mid Tier Items,Zeal ~   ~ Zeal ~ Increases Movement Speed ~  +15% Critical Rate ~  +15% Attack Speed ~ Fervor: ~   ~   ~ +4% Move Speed. ~   ~ 1400
Kircheis Shard,800,+20% Attack Speed,Mid Tier Items,Kircheis Shard ~   ~ Kircheis Shard ~ Attacks deal bonus damage ~  +20% Attack Speed ~ Shock: ~  Dealing damage to an enemy champion deals  ~ 50 bonus magic damage ~ . (25s. Сooldown). Attacks reduce this cooldown by 1 second. ~   ~ 800
Serrated Dirk,1000,+20 Attack Damage,Mid Tier Items,Serrated Dirk ~   ~ Serrated Dirk ~  +20 Attack Damage ~ Sharp: ~   ~  +8 Armor Penetration. ~   ~ 1000
Recurve Bow,900,+20% Attack Speed,Mid Tier Items,Recurve Bow ~   ~ Recurve Bow ~ Attack deal bonus damage ~  +20% Attack Speed ~ Reinforced: ~  Attacks deal  ~ 15 bonus physical damage ~   ~ on-hit ~  against targets. ~   ~ 900
B. F. Sword,1500,+40 Attack Damage,Mid Tier Items,B. F. Sword ~   ~ B. F. Sword ~  +40 Attack Damage ~   ~ 1500
Last Whisper,1200,+15 Attack Damage | +15% Armor Penetration,Mid Tier Items,Last Whisper ~   ~ Last Whisper ~ Armor Penetration (%) ~  +15 Attack Damage ~  +15% Armor Penetration ~   ~ 1200
Executioner's Calling,800,+15 Attack Damage,Mid Tier Items,Executioner's Calling ~   ~ Executioner's Calling ~ Physical Damage reduces enemy healing ~  +15 Attack Damage ~ Rend: ~  Physical Damage inflicts  ~ 40% Grievous Wounds ~  to enemy champions for 3 seconds.  ~ Grievous Wounds ~  reduces the effectiveness of Healing and Regeneration effects. ~   ~ 800
Phage,1000,+150 Max Health | +15 Attack Damage,Mid Tier Items,"Phage ~   ~ Phage ~ Attacks increases Movement Speed ~  +150 Max Health ~  +15 Attack Damage ~ Rage: ~  On hit, attacks grant  ~ 20 Move Speed ~  for 2 seconds.  ~ Bonus Movement Speed ~  does not stack. Ranged champions gain halved values. ~   ~ 1000"
Caulfield's Warhammer,1200,+25 Attack Damage | +10 Ability Haste,Mid Tier Items,Caulfield's Warhammer ~   ~ Caulfield's Warhammer ~  +25 Attack Damage ~  +10 Ability Haste ~   ~ 1200
Jaurim's Fist,1100,+175 Max Health | +15 Attack Damage,Mid Tier Items,Jaurim's Fist ~   ~ Jaurim's Fist ~  +175 Max Health ~  +15 Attack Damage ~   ~ 1100
Aether Wisp,950,+35 Ability Power | +4% Move Speed,Mid Tier Items,Aether Wisp ~   ~ Aether Wisp ~  +35 Ability Power ~  +4% Move Speed ~   ~ 950
Lost Chapter,1200,+35 Ability Power | +200 Max Mana | +10 Ability Haste,Mid Tier Items,Lost Chapter ~   ~ Lost Chapter ~ Restore Mana when leveling up ~  +35 Ability Power ~  +200 Max Mana ~  +10 Ability Haste ~ Enlighten: ~  Leveling up restores  ~ 20% ~ max Mana ~  over 3 seconds. ~   ~ 1200
Fiendish Codex,900,+25 Ability Power | +10 Ability Haste,Mid Tier Items,Fiendish Codex ~   ~ Fiendish Codex ~  +25 Ability Power ~  +10 Ability Haste ~   ~ 900
Blasting Wand,900,+40 Ability Power,Mid Tier Items,Blasting Wand ~   ~ Blasting Wand ~  +40 Ability Power ~   ~ 900
Needlessly Large Rod,1400,+65 Ability Power,Mid Tier Items,Needlessly Large Rod ~   ~ Needlessly Large Rod ~  +65 Ability Power ~   ~ 1400
Haunting Guise,1300,+200 Max Health | +30 Ability Power,Mid Tier Items,"Haunting Guise ~   ~ Haunting Guise ~ Boosts in-combat damage ~  +200 Max Health ~  +30 Ability Power ~ Madness: ~  Every 1 second(s) in combat with enemy champions, deal 2% bonus damage, up to 6%. ~   ~ 1300"
Sheen,800,+10 Ability Haste,Mid Tier Items,Sheen ~   ~ Sheen ~ Attacks deal bonus damage after ability casts ~  +10 Ability Haste ~ Spellblade: ~  Using an ability causes the next attack used within 10 seconds to deal  ~ bonus physical damage ~  equal to  ~ 100% base attack damage  ~ . (1.5s Cooldown) Damage is reduced vs structures. ~   ~ 800
Oblivion Orb,800,+35 Ability Power,Mid Tier Items,Oblivion Orb ~   ~ Oblivion Orb ~ Magic damage reduces enemy healing ~  +35 Ability Power ~ Cursed Wounds: ~  Dealing  ~ magic damage ~  to enemy champions applies  ~ 40% Grievous Wounds ~  for 3 seconds. ~ Grievous Wounds ~  reduces the effectiveness of Healing and Regeneration effects. ~   ~ 800
Bami's Cinder,1200,+250 Max Health | +5 Ability Haste,Mid Tier Items,Bami's Cinder ~   ~ Bami's Cinder ~ Burns nearby emenies ~  +250 Max Health ~  +5 Ability Haste ~ Cinders: ~  Deals  ~ 10-20 magic damage ~  per second to nearby enemies. (Deals 115% damage against minions and monsters.) ~   ~ 1200
Spectre's Cowl,1100,+175 Max Health | +20 Magic Resistance,Mid Tier Items,Spectre's Cowl ~   ~ Spectre's Cowl ~ Boosts Health Regen when tacking damage ~  +175 Max Health ~  +20 Magic Resistance ~ Spectral Visit: ~  Grants  ~ 150% Health Regen ~  for 10 seconds after taking damage from an enemy champion. ~   ~ 1100
Kindlegem,1000,+175 Max Health | +10 Ability Haste,Mid Tier Items,Kindlegem ~   ~ Kindlegem ~  +175 Max Health ~  +10 Ability Haste ~   ~ 1000
Giant's Belt,1000,+300 Max Health,Mid Tier Items,Giant's Belt ~   ~ Giant's Belt ~  +300 Max Health ~   ~ 1000
Warden's Mail,1050,+35 Armor,Mid Tier Items,Warden's Mail ~   ~ Warden's Mail ~ Reduces enemy's Attack Speed ~  +35 Armor ~ Cold Steel: ~  Reduce the  ~ Attack Speed ~  of enemies by  ~ 15% ~  for 1.5 seconds when struck by an attack. ~   ~ 1050
Catalyst of Aeons,1100,+200 Max Health | +300 Max Mana,Mid Tier Items,Catalyst of Aeons ~   ~ Catalyst of Aeons ~ Consumes Mana to heal ~  +200 Max Health ~  +300 Max Mana ~ Eternity: ~  Restore  ~ Mana ~  equal to  ~ 15% ~  of the damage taken from champions. Regen  ~ Health ~  equal to  ~ 20% ~  of Mana spent. Capped at  ~ 15 Health ~  per cast. ~   ~ 1100
Chain Vest,900,+40 Armor,Mid Tier Items,Chain Vest ~   ~ Chain Vest ~  +40 Armor ~   ~ 900
Bramble Vest,1000,+30 Armor,Mid Tier Items,"Bramble Vest ~   ~ Bramble Vest ~ Reflects damage and reduces enemy healing ~  +30 Armor ~ Thorns: ~  When struck by an attack, deal  ~ 4 magic damage ~  +  ~ 6% bonus armor  ~  to the attacker and inflict  ~ 40% Grievous Wounds ~  for 3 seconds if they are a champion. ~ Grievous Wounds reduces the effectiveness of Healing and Regeneration effects. ~   ~ 1000"
Hexdrinker,1200,+20 Attack Damage | +20 Magic Resistance,Mid Tier Items,Hexdrinker ~   ~ Hexdrinker ~  +20 Attack Damage ~  +20 Magic Resistance ~   ~ 1200
Negatron Cloak,900,+40 Magic Resistance,Mid Tier Items,Negatron Cloak ~   ~ Negatron Cloak ~  +40 Magic Resistance ~   ~ 900
Glacial Shroud,1000,+20 Armor | +150 Max Mana | +10 Ability Haste,Mid Tier Items,Glacial Shroud ~   ~ Glacial Shroud ~  +20 Armor ~  +150 Max Mana ~  +10 Ability Haste ~   ~ 1000
Winged Moonplate,900,+150 Max Health | +4% Move Speed,Mid Tier Items,Winged Moonplate ~   ~ Winged Moonplate ~  +150 Max Health ~  +4% Move Speed ~   ~ 900
Noonquiver,1300,+20 Attack Damage | +15% Critical Rate,Mid Tier Items,Noonquiver ~   ~ Noonquiver ~  +20 Attack Damage ~  +15% Critical Rate ~   ~ 1300
Hextech Alternator,1100,+45 Ability Power,Mid Tier Items,Hextech Alternator ~   ~ Hextech Alternator ~ Abilities deal bonus damage ~  +45 Ability Power ~ Revved: ~  Damaging abilities and  ~ empowered attacks ~  against champions deal  ~ 25-60 bonus magic damage ~ . (20s Cooldown) ~   ~ 1100
Mejai's Soulstealer,1800,+70 Max Health | +25 Ability Power,Mid Tier Items,"Mejai's Soulstealer ~   ~ Mejai's Soulstealer ~ Takedowns increase AP ~  +70 Max Health ~  +25 Ability Power ~ Glory: ~  Gain up to 30 stacks of  ~ Glory ~  after a champion takedown. Melee champions gain 3 stack(s) for each kill and 2 stack(s) for each assist; ranged champions gain 4 stack(s) for each kill and 2 stack(s) for each assist. You lose 10 stack(s) on death. ~ Fear: ~  Gain  ~ 5 AP ~  for every stack of  ~ Glory ~  you have. At 10 stack(s) of  ~ Glory ~  and above, gain  ~ 10% bonus Movement Speed ~ . ~   ~ 1800 ~ Mejai's Soulstealer "
Forbidden Idol,700,+25% Mana Regen | +6% Heal and Shield Strength,Mid Tier Items,Forbidden Idol ~   ~ Forbidden Idol ~ Increase heal and shield strength ~  +25% Mana Regen ~  +6% Heal and Shield Strength ~   ~ 700
Fated Ashes,900,+40 Ability Power,Mid Tier Items,Fated Ashes ~   ~ Fated Ashes ~ Abilities deal damage over time ~  +40 Ability Power ~ Kindle: ~  Damaging abilities deal  ~ 5 bonus magic damage ~  over 3 seconds. ~ Deals an additional  ~ 15 magic damage ~  to monsters. ~   ~ 900
Void Amethyst,1000,+20 Ability Power | +10% Magic Penetration,Mid Tier Items,Void Amethyst ~   ~ Void Amethyst ~  +20 Ability Power ~  +10% Magic Penetration ~   ~ 1000
Verdant Barrier,1600,+40 Ability Power | +25 Magic Resistance,Mid Tier Items,Verdant Barrier ~   ~ Verdant Barrier ~ Blocks an enemy ability ~  +40 Ability Power ~  +25 Magic Resistance ~ Annul: ~  Grants a  ~ spell shield ~  that blocks the next enemy ability. (50s Cooldown) ~   ~ 1600
Pickaxe,800,+20 Attack Damage,Mid Tier Items,Pickaxe ~   ~ Pickaxe ~  +20 Attack Damage ~   ~ 800
Heartbound Axe,1200,+20 Attack Damage | +15% Attack Speed,Mid Tier Items,Heartbound Axe ~   ~ Heartbound Axe ~  +20 Attack Damage ~  +15% Attack Speed ~   ~ 1200
Bandleglass Mirror,900,+20 Ability Power | +50% Mana Regen | +10 Ability Haste,Mid Tier Items,Bandleglass Mirror ~   ~ Bandleglass Mirror ~  +20 Ability Power ~  +50% Mana Regen ~  +10 Ability Haste ~   ~ 900 ~    ~                          ~                              ~                                  ~                                      ~ Basic Items
Boots of Speed,400,+25 Move Speed.,Basic Items,Boots of Speed ~   ~ Boots of Speed ~   ~ +25 Move Speed. ~   ~ 400
Long Sword,500,+12 Attack Damage,Basic Items,Long Sword ~   ~ Long Sword ~  +12 Attack Damage ~   ~ 500
Brawler's Gloves,500,+10% Critical Rate,Basic Items,Brawler's Gloves ~   ~ Brawler's Gloves ~  +10% Critical Rate ~   ~ 500
Dagger,400,+12% Attack Speed,Basic Items,Dagger ~   ~ Dagger ~  +12% Attack Speed ~   ~ 400
Shimmering Spark,500,+50 Max Health,Basic Items,Shimmering Spark ~   ~ Shimmering Spark ~ Burns nearby enemies ~  +50 Max Health ~ Burn: ~  Deals  ~ 5-10 magic damage ~  per second to nearby enemies. ~   ~ 500
Tear of the Goddess,500,+200 Max Mana,Basic Items,Tear of the Goddess ~   ~ Tear of the Goddess ~ Increases Mana ~  +200 Max Mana ~ Awe: ~   ~ 10% ~  of  ~ Mana ~  spent is refunded. ~ Mana Charge: ~  Increases max  ~ Mana ~  by  ~ 5 ~  every time Mana is spent. Caps at  ~ 700 bonus Mana ~ . Triggers up to 3 times every 10 seconds. You may only carry one Tear of the Goddess item at a time. ~   ~ 500
Amplifying Tome,500,+20 Ability Power,Basic Items,Amplifying Tome ~   ~ Amplifying Tome ~  +20 Ability Power ~   ~ 500
Ruby Crystal,500,+150 Max Health,Basic Items,Ruby Crystal ~   ~ Ruby Crystal ~  +150 Max Health ~   ~ 500
Cloth Armor,500,+20 Armor,Basic Items,Cloth Armor ~   ~ Cloth Armor ~  +20 Armor ~   ~ 500
Null-Magic Mantle,500,+20 Magic Resistance,Basic Items,Null-Magic Mantle ~   ~ Null-Magic Mantle ~  +20 Magic Resistance ~   ~ 500
Ring of Revelation,300,+5 Ability Haste,Basic Items,Ring of Revelation ~   ~ Ring of Revelation ~ Reduces ability cooldowns ~  +5 Ability Haste ~   ~ 300
Relic Shield,500,+125 Max Health,Basic Items,"Relic Shield ~   ~ Relic Shield ~ Kill minions to earn bonus gold ~  +125 Max Health ~ This item is for support players. When equipped, it will reduce the gold you receive from killing minions and monsters. If there are multiples of this item within the party, only one of them can take effect at any given time. ~ Tribute: ~  Gain 1 encircling energy orb(s) every 30 seconds (max 3 orbs). While near an ally, the actions below will trigger Tribute, consuming 1 energy orb(s) to grant you  ~ 65 gold ~  and restore your  ~ Health 20-80 ~ : ~ 1. Using abilities or attacks to damage enemy champions or structures. ~ 2. Attacking minions below 65% Health. This also executes them, and the gold generated from the minion kills is given to the ally nearest to you. 3. A nearby minion is killed while you have 3 orbs. Upon triggering Tribute, the ally nearest to you gains Tribute stacks. ~ Sentry: ~  Deal 1 more damage to Sight Wards revealed by Sweeping Lens, Control Ward, and Scryer's Bloom. ~ Restraint: ~  You do not earn gold generated from minion kills, but you earn gold equal to 50% of the bounty. The gold generated from your minion kills will be given to the ally nearest to you. Gold earned from monster kills is reduced by 50%. ~ Quest: ~  After earning  ~ 750 gold ~ , this item upgrades into  ~ Bulwark of the Mountain ~  and binds you and the ally with the most Tribute stacks as  ~ Perfect Partners ~ .  ~   ~ 500"
Spectral Sickle,500,Quest:,Basic Items,"Spectral Sickle ~   ~ Spectral Sickle ~ Attack champions and structures to gain bonus gold ~ This item is for support players. When equipped, it will reduce the gold you receive from killing minions and monsters. If there are multiples of this item within the party, only one of them can take effect at any given time. ~ Versatile: ~  Gain  ~ 10 Attack Damage ~  or  ~ 20 Ability Power ~  (Adaptive). ~ Tribute: ~  Gain 1 encircling energy orb(s) every 30 seconds (max 3 orbs). While near an ally, the actions below will trigger Tribute, consuming 1 energy orb(s) to grant you  ~ 65 gold ~  and restore your  ~ Health 20-80 ~ : ~ 1. Using abilities or attacks to damage enemy champions or structures. ~ 2. Attacking minions below 65% Health. This also executes them, and the gold generated from the minion kills is given to the ally nearest to you. 3. A nearby minion is killed while you have 3 orbs. Upon triggering Tribute, the ally nearest to you gains Tribute stacks. ~ Sentry: ~  Deal 1 more damage to Sight Wards revealed by Sweeping Lens, Control Ward, and Scryer's Bloom. ~ Restraint: ~  You do not earn gold generated from minion kills, but you earn gold equal to 50% of the bounty. The gold generated from your minion kills will be given to the ally nearest to you. Gold earned from monster kills is reduced by 50%. ~ Quest: ~  Earn  ~ 750 gold ~  with this item to transform it into  ~ Black Mist Scythe ~  and bind you and the ally with the most Tribute stacks as Perfect Partners. ~   ~ 500 ~    ~                          ~                      ~                  ~                  ~                      ~                          ~                              ~                                  ~  KEYSTONE ~                              ~                          ~                          ~      ~      ~          ~ Electrocute ~ Burst Damage ~ Within 3 seconds, hit the same enemy champion with 3 basick attacks or abilities to cause additional adaptive damage to the target. ~ Damage value: 40-210 ( ~ ) +  ~ 10% extra  ~  +  ~ 5%  ~ Cooldown: ~  20-13s ( ~ ) ~      ~      ~      ~      ~          ~ Dark Harvest ~ Bonus Damage, Stack Amplification ~ Damaging a champion below 50% health deals adaptive damage and harvests their soul, permanently increasing Dark Harvest's damage by 11. ~ Dark Harvest damage: 35+ 11 per soul +  ~ 10% bonus  ~  +  ~ 5%  ~ Cooldown: ~  20s (Resets to 1s on takedown) ~      ~      ~      ~      ~          ~ Empowerment ~ Increased damage against champions ~ Hitting an enemy champion with 3 consecutive attacks deals bonus  ~ adaptive ~  damage and amplifies your damage dealt by 8% until you leave combat with champions. ~ Adaptive ~  Damage: ~  40-165 ( ~ ) ~ Cooldown: 4s. ~ Damage amplification will only take effect against champions. ~      ~      ~      ~      ~          ~ Lethal Tempo ~ Attack Speed ~ Gain Attack Speed when attacking enemy champions. Stacks up to 6 times. At max stacks deal bonus damage with your attacks. ~ Each stack  ~ Attack Speed ~  by  ~ 6% ~  ( ~ 4.8% ~  for ranged champions) for 6 seconds. ~ Max stacks bonus: ~  Attacks against non-turrets fire a bullet on hit, dealing  ~ 9–30 adaptive damage ~  ( ~ 6–20 ~  for ranged champions). Every 1% bonus  ~ Attack Speed ~  you have increases the damage by 0.5% (0.33% for ranged champions). ~      ~      ~      ~      ~          ~ Fleet Footwork ~ Mobility, Heal ~ Moving, attacking and casting builds Energy stacks. At 100 stacks, your next attack gains  ~ Attack Speed ~ , heals you, grants bonus  ~ Movement Speed.  ~ If the attack is again st a champion, it also restores Mana or Energy. ~ Bonus Attack Speed ~ : 40% ~ Health Restore: ~  15-110 ( ~ ) +  ~ 15% bonus ~  +  ~ 10% ~ . ~ Bonus Movement Speed ~ : 20% for 1s. ~ When attacking a champion, restore 8% missing  ~ mana ~  or 8% missing  ~ energy ~ . ~ When attacking minions or monsters, heals for 35% (Melee champions) or 15% (Ranged champions) of the original heal amount. ~      ~      ~      ~      ~          ~ Conqueror ~ Stacking Damage, Vamp ~ Gain stacks of Adaptive Force when hitting a champion with separate attacks or abilities. Stacks up to 6 times. When fully stacked, gain bonus omnivamp. ~ Per stack:  ~ 3-5 bonus  ~  or  ~ 5-8  ~  for 6s. ~ Fully stacked bonus: Melee - 9%, Ranged - 5% bonus  ~ Omnivamp  ~ . ~      ~      ~      ~      ~          ~ Grasp of Undying ~ Tank, Heal ~ Every 3s in combat, your next attack on a champion will be enhanced. ~ Bonus  ~ magic damage ~ :  ~ 3.3% ~ Heal:  ~ 1.3% ~ Permanently  ~ health ~  increase:  ~ 10 ~ On Ranged champions, the effects are reduced by 60%. ~      ~      ~      ~      ~          ~ Guardian ~ Protect, Shield ~ Guard allies within 350 units of you and allies you target with abilities for 2.5 second(s). While guarding, if you or the ally take more than a certain amount of damage, both of you gain a shield for 1.5 second(s). ~ Shield: 40–165 ( ~ ) +  ~ 6% bonus ~  +  ~ 15% ~ Damage threshold: 70–240 damage taken ( ~ ) ~ Cooldown: ~  55–25s ( ~ ) ~      ~      ~      ~      ~          ~ Aery ~ Poke, Protect ~ Your attacks and abilities send Aery to a target, damaging enemies or shielding allies. ~ Damage: 15-70 ( ~ ) +  ~ 10% bonus ~  +  ~ 5% ~ Shield: 25-120 ( ~ ) +  ~ 10% bonus ~  +  ~ 5% ~ Aery cannot be sent out again until she returns to you. ~      ~      ~      ~      ~          ~ Arcane Comet ~ Poke, Stack Amplification ~ Damaging a champion with an ability hurls a comet at their location. When a comet hits an enemy champion, the next comet's damage increases. ~ Damage: (15 to 100) + (2 x total hits on enemy champions) +  ~ 10% bonus ~  +  ~ 5% ~ . ~ Cooldown: ~  16-8s ( ~ ) ~      ~      ~      ~      ~          ~ Phase Rush ~ Mobility, Ability Haste ~ Using basic attacks or abilities on an enemy champion 3 time(s) within 4s grants  ~ Movement Speed ~  and reduces the remaining cooldown of basic abilities by 20%. ~ Duration: ~  3s. ~ Movement Speed bonus: ~  Melee -  ~ 40%-60% ~  ( ~ ) | Ranged -  ~ 20-35% ~  ( ~ ). ~ Ability Haste: ~  10. ~ Slow Resist: ~  60%. ~ Cooldown: ~  21-7s ( ~ ) ~      ~      ~      ~      ~          ~ First Strike ~ Initiate, Damage Amplification, Bonus Gold ~ Initiating combat with an enemy champion or dealing damage to them within 0.25s of engaging them in combat grants  ~ 10 gold ~  and First Strike for 3s, allowing you to deal  ~ 7% bonus true damage ~  to them. After the effect ends, gain bonus  ~ gold ~  based on the bonus damage dealt for its duration. ~ If you do not deal damage to the enemy champion within 0.25s of engaging them in combat, First Strike will go into a 10-second cooldown. ~ Bonus gold: ~ Melee: 65% of bonus damage. ~ Ranged: 45% of bonus damage. ~ Cooldown: ~  20-30s ~      ~      ~      ~      ~          ~ Ice Overlord ~ Control, Slow ~ Immobilizing an enemy champion causes 3 beams to form around them, creating ice beneath them for 3 second(s) and slowing enemies inside. The slow lingers on enemies for 1.5 second(s) after they've left the ice zone. Gain a protective layer of ice around yourself, increasing your defenses. After a brief delay, the ice explodes, dealing a burst of magic damage around you. ~ Slow: ~  ( ~ 1% ~  of your  ~ bonus Health ~  + 15%). ~ Defenses: ~  35 + 75% bonus  ~ Armor ~  and  ~ Magic Resist ~ . Lasts 2.5 second(s). ~ Magic damage: ~  15–100 ( ~ ) +  ~ 5% max ~ Cooldown: ~  20s ~      ~      ~                          ~                      ~                      ~                          ~                              ~                                  ~ DOMINATION ~                              ~                          ~                          ~                          ~      ~      ~          ~ Cheap Shot ~ Targets movement-impaired enemies ~ Deals 10-45 bonus  ~ true damage ~  to enemies whose movement is impaired. ~ Cooldown: ~  7s ~      ~      ~      ~      ~          ~ Sudden Impact ~ Triggers when in stealth or dashing ~ Damaging an enemy champion deals a bonus  ~ 15-65 true damage ~  after using a dash, leap, blink, teleport, or when exiting stealth for 4s. ~ The damaging attack/ability gains bonuses at higher levels: ~ Level 5: ~  Deal an additional  ~ 5 true damage ~ . ~ Level 9: ~  Deal an additional  ~ 5 true damage ~  and gain  ~ 10% Movement Speed ~  for 1.5s after dealing the damage. ~ Cooldown: ~  10s ~      ~      ~      ~      ~          ~ Empowered Attack ~ Triggers on attack ~ Every 8 seconds, the next attack will be empowered, dealing 20-60 bonus  ~ adaptive ~  damage ( ~ ) to anemy champions. Ranged champions deal 80% damage. ~      ~      ~                          ~                          ~                          ~      ~      ~          ~ Chain Assault ~ Triggers on attack after hitting a target with an ability ~ Hitting an enemy champion with an active ability applies a mark to them, causing your next 2 attacks or active ability casts against them to deal bonus  ~ adaptive damage ~  equal to (12-38 ( ~ ) +  ~ 3% bonus  ~  +  ~ 1.5% ~ ). ~ Cooldown: ~  15s ~      ~      ~      ~      ~          ~ Tyrant ~ Deal damage to low Health enemies ~ When damaging a champion below 50% Health, deal (20-70 ( ~ ) +  ~ 6% bonus  ~  +  ~ 3%  ~ ) bonus  ~ adaptive damage ~ . ~ Cooldown: ~  10s ~      ~      ~      ~      ~          ~ Hubris ~ Kills temporarily increase Attack Damage/Ability Power ~ Scoring a takedown against an enemy champion within 3 second(s) of damaging them grants (5 + 1 per champion kill you've scored)  ~ Adaptive Force ~  for 30 second(s). ~      ~      ~                          ~                          ~                          ~      ~      ~          ~ Eyeball Collection ~ Kills increase Attack Damage/Ability Power ~ Gains  ~ 1.5 ~  or  ~ 3 ~  after scoring a champion or epic monster takedown, stacking up to 8 times. ~      ~      ~      ~      ~          ~ Ingenious Hunter ~ Kills increase Item Ability Haste ~ Gains 20 Item  ~ Ability Haste ~ . For each champion or epic monster takedown you score, gain an additional 5 Item  ~ Ability Haste ~ . Stacks up to 5 times. ~      ~      ~      ~      ~          ~ Relentless Hunter ~ Kills grant out-of-combat Movement Speed ~ Gain  ~ 10 ~  out-of-combat  ~ Movement Speed ~ . For each champion or epic monster takedown you score, gain  ~ 2 ~  out-of-combat  ~ Movement Speed ~ . Stacks up to 5 times. ~      ~      ~      ~      ~          ~ Zombie Ward ~ Vision control increases Attack Damage/Ability Power ~ Takedowns on enemy wards spawn a Zombie Ward in its place, granting vision of the surrounding area for 120 seconds. Additionally gain  ~ 3 ~ or  ~ 6 ~ (max 5 stacks). (Assists on enemy wards also grant stacks and spawn Zombie Wards.) ~      ~      ~                          ~                      ~                      ~                          ~                              ~                                  ~ PRECISION ~                              ~                          ~                          ~      ~      ~          ~ Brutal ~ Attacks deal on-hit damage ~ Attacks deal ( ~ 5 ~  +  ~ 6% bonus  ~ +  ~ 3%  ~ ) bonus  ~ adaptive ~  damage to enemy champions. ~      ~      ~      ~      ~          ~ Triumph ~ Increase damage when low in Health ~ Champion takedowns restore  ~ 10% of lost health ~  and 10% of maximum  ~ Mana ~   ~ Energy ~ and grant  ~ 35 Movement Speed ~  for 2 second(s). ~      ~      ~      ~      ~          ~ Battle Zeal ~ Increase damage during prolonged battles ~ Gain 1.4% stacking basic ability damage amplification every 1 second(s) while in combat with a champion. Stacks up to 3 times and only takes effect against enemy champions. ~      ~      ~                          ~                          ~      ~      ~          ~ Last Stand ~ Increase damage when low in Health ~ When  ~ health is lower than 60% ~ , attacks launched at enemy champions deal 5-11% bonus  ~ adaptive ~  damage. ~ Grants maximum bonus damage when Health is lower than  ~ 30% ~      ~      ~      ~      ~          ~ Cut Down ~ Deal more damage to high Health enemies ~ Your attacks deal 6.57% bonus  ~ adaptive ~  damage to enemy champions with more than 60% Health. ~      ~      ~      ~      ~          ~ Coup de Grace ~ Increase damage to low Health enemies ~ Your attacks deal 8% bonus  ~ adaptive ~  damage to enemy champions with less than  ~ 40% Health ~ . ~      ~      ~                          ~                          ~      ~      ~          ~ Legend: Alacrity ~ Increase bonus Attack Speed ~ Gains  ~ 3% Attack Speed ~ . Takedown monsters, enemy champions, or minions to gain up to an additional  ~ 18% Attack Speed ~ . ~      ~      ~      ~      ~          ~ Legend: Haste ~ Bonus Ability Haste ~ Gain  ~ 0 Ability Haste ~  at the start of the game. Taking down monsters, enemy champions, or minions grants additional Ability Haste bonuses. Total bonus is capped at  ~ 15 Ability Haste ~ . ~      ~      ~      ~      ~          ~ Legend: Bloodline ~ Increase Omnivamp ~ Gains  ~ 1% Omnivamp  ~ . Takedown monsters, enemy champions, or minions to gain up to an additional  ~ 7% Omnivamp  ~ . ~      ~      ~                          ~                      ~                      ~                          ~                              ~                                  ~ RESOLVE ~                              ~                          ~                          ~      ~      ~          ~ Demolish ~ Destroy turrets faster ~ Your third attack against a turret deals bonus  ~ physical damage ~  (85 +  ~ 28% max Health ~  for melee champions; 50 +  ~ 20% max Health ~  for ranged champions). ~ Cooldown: ~  30s ~      ~      ~      ~      ~          ~ Font of Life ~ Team Heal ~ When your attacks or abilities hit an enemy champion, heal yourself and the lowest Health allied champion nearby. ~ Ally: Heals for  ~ 1.5% of your max  ~  +  ~ 5% of your ~ You: Heal for  ~ 1% of your max  ~  +  ~ 5% of your ~ Healing is 130% effective if you're a melee champion. (Does not trigger if you or nearby allies are at full Health, or if no allies are nearby.) ~ Cooldown: ~  15s ~      ~      ~      ~      ~          ~ Courage of the Colossus ~ Immobilize enemies to gain shields ~ Gains a  ~ shield that absorbs ~  up to  ~ 25-45  ~ ( ~ ) +  ~ 1% of max Health ~  for 3s when immobilizing an enemy champion. ~ Cooldown: ~  18s ~      ~      ~      ~      ~          ~ Unshakeable ~ Increase Armor, Magic Resist, and Slow Resist ~ Gain 3%  ~ Armor ~  and  ~ Magic Resistance ~ . For every 1 enemy champion(s) nearby, gain an additional 2%  ~ Armor ~  and  ~ Magic Resistance ~ . If the max number of enemy champions are nearby (max: 3), you also gain  ~ 20% Slow Resist ~ . ~      ~      ~                          ~                          ~      ~      ~          ~ Second Wind ~ Increase sustain ~ Gain  ~ 5 Health ~  every 5 seconds. ~ After taking damage from an enemy champion,  ~ regenerate 3 + (1.5% of your missing health)  ~  over the next 5 seconds. This effect is doubled for melee champions. ~      ~      ~      ~      ~          ~ Nullifying Orb ~ Grant a protective shield ~ If you take damage from a champion that causes you to fall below 35% of your max Health, gain a  ~ shield ~  that  ~ absorbs up to 60-180 ~  ( ~ ) damage for 4s. ~ Cooldown: ~  60s ~      ~      ~      ~      ~          ~ Bone Plating ~ Anti-Burst Damage ~ When taking damage from a champion, the current and next 3 champion abilities or attacks against you and within 1.5s deal  ~ 30-60 ~  ( ~ ) less damage. ~ Cooldown: ~  40s ~      ~      ~                          ~                          ~      ~      ~          ~ Overgrowth ~ Increase max Health ~ For every 3 enemy minions or 3 monster(s) killed nearby, permanently gain  ~ 3 max Health ~ . Max Health can be increased indefinitely this way. Gain an additional  ~ 3% max Health ~  upon reaching 30 stacks. ~      ~      ~      ~      ~          ~ Revitalize ~ Empowered heals and shields ~ Gains a 5% amplification effect when  ~ Healing ~  or granting  ~ Shields ~ . If the target's Health is lower than 40%, the effect is amplified by an additional 10%.  ~      ~      ~      ~      ~          ~ Perseverance ~ Increase survivability when crowd controlled ~ Gain  ~ 10% Tenacity ~ . Gain 10-15  ~ Armor ~  and  ~ Magic Resistance ~  ( ~ ) for 1.5 seconds when mmobilized. Refresh duration time when immobilized multiple times. ~      ~      ~                          ~                                                  ~                      ~                      ~                          ~                              ~                                  ~ SORCERY ~                              ~                          ~                          ~      ~      ~          ~ Axiom Arcanist ~ Empowered Ultimate Ability ~ Your ultimate ability has 10% increased damage,  ~ healing ~ , and  ~ shielding ~ . (AoE damage is reduced to a 5% increase.) ~ Scoring a takedown on an enemy champion reduces your ultimate ability's remaining cooldown by 7%. ~      ~      ~      ~      ~          ~ Manaflow Band ~ Increase Mana ~ Hitting an enemy champion with and ability or  ~ empowered ~  attack permanently increases your  ~ max mana  ~  by  ~ 30 ~ , up to  ~ 300 mana. ~      ~      ~      ~      ~          ~ Botanist ~ Empowered plant effects ~ When you destroy a plant, gain  ~ 10 gold ~  and empowered plant effects. Soulflowers near the turrets also grant additional bonuses. ~ Honeyfruit: ~   ~ Heal ~  is increased by  ~ 20% ~  when consumed. ~ Scryer's Bloom: ~   ~ Vision granted ~  lasts 20% longer when destroyed. ~ Blast Cone: ~  Gain  ~ 40% Movement Speed ~  for 2.5 second(s) after the knockback. ~      ~      ~      ~      ~          ~ Hextech Flashtraption ~ Gain short-range movement while Flash is on cooldown ~ While Flash is on cooldown, it is replaced by Hexflash. Dash a distance based on charge time (max 2s). Entering combat with enemy champions to trigger a 6-second cooldown.  ~ Cooldown: ~  18s ~      ~      ~                          ~                          ~      ~      ~          ~ Transcendence ~ Reduces ability cooldowns ~ Gain a bonus when reaching the following levels: ~ At level 1, gain  ~ 5 Ability Haste ~ ; ~ at level 5, gain bonus  ~ 5 Ability Haste ~ ; ~ at level 9, after Basic Ability hit the target, reduce 8% the ability's cooldown time. ~ Cooldown: ~  8s ~      ~      ~      ~      ~          ~ Celerity ~ Increase Movement Speed ~ Gain  ~ 2% Movement Speed ~ . All  ~ Movement Speed ~  bonuses on you are also increased by  ~ 7% ~ . ~      ~      ~      ~      ~          ~ Absolute Focus ~ Gain Attack Damage/Ability Power at high Health ~ While above 65% Health, gain a bonus  ~ 2–20 Attack Damage ~  ( ~ ) or  ~ 2–30 Ability Power ~  ( ~ ) ( ~ Adaptive ~ ). ~      ~      ~                          ~                          ~      ~      ~          ~ Scorch ~ Abilities deal bonus damage ~ Damaging an enemy champion with an ability burns them, dealing  ~ 21-49 bonus magic damage ~  ( ~ ) after 1 seconds. ~ Cooldown: ~  8s ~      ~      ~      ~      ~          ~ Nimbus Cloak ~ Spells increase Movement Speed ~ After using a Spell (Flash, Ignite, etc.),  ~ 10% - 40% movement bonus ~  for 3 seconds. The speedup effectiveness depends on the Spell's cooldown. ~      ~      ~      ~      ~          ~ Gathering Storm ~ Increase Attack Damage/Ability Power over time ~ Starting from 6 minutes into the game, gain increasing  ~ Attack Damage ~  or  ~ Ability Power ~  ( ~ Adaptive ~ ). Bonuses increase time, totaling  ~ 2/5/9/14/etc. ~  or  ~ 4/10/18/28/etc. ~  based on game time. ~      ~      ~      ~      ~          ~ Ixtali Seedjar ~ Plant fruits after destroying one ~ After destroying a plant, immediately gain a seeds that replaces your trinket for 60 seconds. The seed matures and self-destructs after it is planted at a target location. (Seeds you can pick up will also drop when an ally destroys a plant.) ~ Seeds become obtainable 2 minutes after the game starts. ~ Cooldown: ~  Each plant has a unique 30s ~      ~      ~                          ~                                              ~                      ~                  ~                  ~                      ~                          ~                              ~                                  ~ Spells"
Flash,,,Basic Items,Flash ~   ~ Flash ~ Teleport a short distance forward or towards the aimed direction. ~ Cooldown: ~  150s
Ghost,,,Basic Items,"Ghost ~   ~ Ghost ~ Gain a large burst of  ~ movement speed ~ , that decays to  ~ 25% bonus movement speed ~  for 8 seconds. With each takedown, Ghost's duration is extended by 6 seconds, refreshing its effects, up to the original amount. ~ Cooldown: ~  90s"
Heal,,,Basic Items,"Heal ~   ~ Heal ~ Restore 110 Health ~  (110–400  ~ ) to you and the most wounded nearby ally champion, and grants both of you  ~ 30% bonus Movement Speed ~  for 2 second(s). ~ Healing is halved for champions recently affected by Heal. ~ Cooldown: ~  100s"
Barrier,,,Basic Items,Barrier ~   ~ Barrier ~ Gain a  ~ shield ~  that  ~ absorbs 120 ~  (120–560  ~ ) damage for 2.5 seconds. ~ Cooldown: ~  100s
Ignite,,,Basic Items,"Ignite ~   ~ Ignite ~ Ignites target enemy champion, dealing  ~ 72 true damage ~  (72–380  ~ ) over 5 and applying  ~ 60% Grievous Wounds ~  for the duration. ~ Grievous Wound ~  reduces the effectiveness of Healing and Regeneration effects. ~ Cooldown: ~  100s"
Exhaust,,,Basic Items,"Exhaust ~   ~ Exhaust ~ Exhausts target enemy champion, reducing their  ~ Movement Speed by 35% ~  and their damage dealt by 40% for 2.5 seconds. ~ Cooldown: ~  100s"
Smite,,,Basic Items,"Smite ~   ~ Smite ~ Jungle Expertise: ~ On cast, Smite deals  ~ 600 true damage ~  to minions and monsters and causes your attacks against a monster to deal  ~ 30 true damage ~ ( ~ ) every second in an area around them for 2 seconds. This damage is increased by  ~ 10% bonus Attack Damage ~ ,  ~ 12% bonus Ability Power ~ ,  ~ 25% bonus Armor ~ ,  ~ 25% bonus Magic Resist ~ , and  ~ 4% bonus Health ~ . ~ Deals 10% more damage against monsters. ~ Hunter's Resource: ~ - Gain Hunter's Resource stacks over time. After clearing a monster camp, 1 stack(s) are consumed for  ~ 40 bonus gold ~ . ~ -  ~ Restore 5–35 Health ~  every second ( ~ ) when attacking monsters. Health restored is based on your missing Health. ~ - When Smite is equipped, take only 50% damage from non-epic monsters. ~ Upgraded Smite: ~ - After consuming 8 and 20 stacks, Smite upgrades, increasing its damage to 1,000 and 1,400 respectively. ~ - When Smite is fully upgraded, gain  ~ Movement Speed ~  while in the jungle or river:  ~ 10% Movement Speed ~  out of combat, and  ~ 5% Movement Speed ~  in combat. ~ - Upgraded Smite can be cast on champions to deal  ~ 40 true damage ~  damage and steal 25% of their Movement Speed for 2 seconds. ~ Gains one charge every 45 seconds, up to a max of 2. ~ Cooldown: ~  45s"
Cleanse,,,Basic Items,Cleanse ~   ~ Cleanse ~ Removes disables (including spell debuffs) affecting your champion and grants immunity to disables for 0.25 seconds. ~ Cooldown: ~  110s
Teleport,,,Basic Items,"Teleport ~   ~ Teleport ~ After channeling for 3.5 seconds, teleport your champion to an allied champion, structure, or ward (excludes areas in range of enemy inhibitors). You can only teleport to structures during the first 6 minutes of the game. ~ Cooldown: ~  150s ~    ~                          ~                      ~                  ~              ~          ~          ~          ~          ~              ~      (adsbygoogle = window.adsbygoogle || []).push({}); ~  OFF ADS ~              ~          ~          ~          ~      ~          ~          ~          ~          ~          ~          ~          ~          ~          ~      ~ LoL Wild Rift Items ~      ~          ~ Items ~  - used by LoL Wild Rift champions to increase their base stats during battles on the fields of justice. Most items have their own unique passive skills. ~      ~      ~         Each champion can purchase a maximum of six items, which means that you need to be smart about buying them, you need to know the strengths and weaknesses of your champion. There are also active items in the game - these are boots that can be enchanted and get one of 9 effects, such as Stasis, Teleport, etc. You can only have 1 active item available to you. Do not forget that each active item has its own recharge time after its use. ~      ~      ~          ~ League of Legends Wild Rift in-game items ~  can only be bought while at your base with gold received in battle. Acquire items considering the situation in the game, if you learn how to analyze it correctly, you will be ready for any trouble. ~      ~      ~         In Wild Rift, there are items for physical damage, magical damage and for increasing defensive characteristics. Marksmans, some assassins and warriors rely on physical attack, respectively, as the game progresses, improve its performance. Mages, supports, and some assassins improve their ability power by buying magic damage items. Tanks and some warriors prefer survivability over damage and gain health, armor, and magic defense by purchasing items with defensive stats. ~      ~      ~          ~ Wild Rift items ~  come in varying quality and are upgraded with gold. At the start of the game, you can only buy Basic items, which over time you can upgrade to COMMON and Improved. ~      ~      ~         You can get acquainted with all game items on this page by going to the page of the item itself, you can find out a little more of useful information! ~      ~          ~      ~              ~                 ~                  ~                      ~ wr ~ meta ~                      ~                          ~ Advertise ~                          ~ Feedback ~                          ~ Privacy policy ~                          ~ Delete account ~                          ~   ~ Twitter ~                          ~   ~ Patreon ~                      ~                  ~                  ~ This project is not official and is not affiliated with Riot Games. It was created by enthusiasts and fans of the game for educational purposes only. Copying materials is allowed with an active link to the source page. ~ © Copyright 2020-2026 by JLVD DEV ~                  ~              ~              ~          ~      ~      ~          ~              ~ Search ~              ~          ~          ~              ~              ~              ~                  ~                  ~                  ~              ~          ~      ~      ~      ~      ~      ~      ~      ~      ~    ~      ~     ~      ~      ~      ~      ~    ~      ~      ~      ~      ~       ~      ~      ~      ~      ~     window.addEventListener('load', function(){ ~       var pre = document.querySelector('.loaderArea'); ~       if(!pre) return; ~       pre.style.transition = 'opacity .25s ease'; ~       pre.style.opacity = '0'; ~       pre.style.pointerEvents = 'none'; ~       setTimeout(function(){ pre.style.display='none'; }, 280); ~     }); ~      ~      ~      ~     (function(){ ~       function run(){ ~         document.querySelectorAll('.nolazy img[data-src]').forEach(function(img){ ~           img.setAttribute('src', img.getAttribute('data-src')); ~           img.removeAttribute('data-src'); ~         }); ~       } ~       if(document.readyState==='loading') document.addEventListener('DOMContentLoaded', run, {once:true}); ~       else run(); ~     })(); ~      ~      ~      ~       var fired = false; ~       window.addEventListener('scroll', function(){ ~         if (fired) return; ~         fired = true; ~         setTimeout(function(){ ~           var GTMObject = document.createElement(""script""); ~           GTMObject.src = 'https://www.googletagmanager.com/gtag/js?id=G-P6EEJGLKQ3'; ~           GTMObject.async = true; ~           document.getElementsByTagName('head')[0].appendChild(GTMObject); ~           window.dataLayer = window.dataLayer || []; ~           function gtag(){ dataLayer.push(arguments); } ~           gtag('js', new Date()); ~           gtag('config', 'G-P6EEJGLKQ3'); ~         }, 5000); ~       }, {passive:true}); ~      ~      ~      ~      ~     (function(){ ~       function loadAds(){ ~         var s1 = document.createElement('script'); ~         s1.src = 'https://pagead2.googlesyndication.com/pagead/js/adsbygoogle.js?client=ca-pub-7039714206715924'; ~         s1.async = true; ~         s1.crossOrigin = 'anonymous'; ~         document.head.appendChild(s1); ~         var s2 = document.createElement('script'); ~         s2.src = 'https://fundingchoicesmessages.google.com/i/pub-7039714206715924?ers=1'; ~         s2.async = true; ~         document.head.appendChild(s2); ~         (function() { ~           function signalGooglefcPresent() { ~             if (!window.frames['googlefcPresent']) { ~               if (document.body) { ~                 var iframe = document.createElement('iframe'); ~                 iframe.style = 'width:0;height:0;border:none;position:absolute;left:-9999px;top:-9999px;'; ~                 iframe.style.display = 'none'; ~                 iframe.name = 'googlefcPresent'; ~                 document.body.appendChild(iframe); ~               } else { ~                 setTimeout(signalGooglefcPresent, 0); ~               } ~             } ~           } ~           signalGooglefcPresent(); ~         })(); ~       } ~       window.addEventListener('load', function(){ ~         setTimeout(loadAds, 1600); ~       }); ~     })(); ~      ~      ~      ~      ~      ~      ~       (function() { ~         var a = document.querySelector('#aside1'), ~             b = null, ~             P = 70; ~         if(!a) return; ~         window.addEventListener('scroll', Ascroll, false); ~         document.body.addEventListener('scroll', Ascroll, false); ~         function Ascroll() { ~           if (b == null) { ~             var Sa = getComputedStyle(a, ''), ~                 s = ''; ~             for (var i = 0; i  ~      ~      ~ window.addEventListener('load', function(){ ~   if (!window.jQuery) return; ~   jQuery("".extremum-click"").off('click.wrm').on('click.wrm', function () { ~     jQuery(this).siblings("".extremum-slide"").slideToggle(""slow""); ~   }); ~ }); ~      ~      ~     window.addEventListener('load', function(){ ~       setTimeout(function(){ ~         if (window.__sharethis_loaded) return; ~         window.__sharethis_loaded = true; ~         var s = document.createElement('script'); ~         s.src = 'https://platform-api.sharethis.com/js/sharethis.js#property=653ac2c5933f6c0019e85d83&product=inline-share-buttons'; ~         s.async = true; ~         document.body.appendChild(s); ~       }, 2000); ~     });"
